MOVIE_ID,BUDGET,REVENUE,POPULARITY,RUNTIME,VOTE_AVERAGE,VOTE_COUNT,MOVIE_TITLE,RELEASE_YEAR,RELEASE_DATE,yt_releaseYear,yt_releaseDate,yt_likes,yt_views,time_trailerToMovie_Days,Rating,Tomatometer,Weighted_Score,Audience_Score,Awards,Nominations
4597.0,20000000.0,22942221.0,10.0,88.0,5.0,569.0,armored,2009.0,2009-12-04,2009.0,2009-11-18,1253.0,578580.0,16.0,2.0,40.0,37.0,31.0,0.0,0.0
4959.0,50000000.0,60161391.0,12.0,118.0,6.0,1079.0,the international,2009.0,2009-02-03,2008.0,2008-09-16,690.0,221072.0,140.0,3.0,58.0,51.0,37.0,0.0,0.0
9381.0,70000000.0,72109200.0,15.0,101.0,5.0,1805.0,babylon a.d.,2008.0,2008-08-20,2008.0,2008-06-17,911.0,284175.0,64.0,2.0,7.0,13.0,26.0,0.0,0.0
10024.0,30000000.0,95714875.0,15.0,109.0,7.0,1897.0,my sister's keeper,2009.0,2009-06-26,2009.0,2009-06-12,1720.0,415055.0,14.0,2.0,47.0,55.0,72.0,0.0,0.0
10186.0,15000000.0,8762890.0,12.0,102.0,6.0,518.0,the rocker,2008.0,2008-08-20,2008.0,2008-07-07,680.0,301374.0,44.0,2.0,41.0,42.0,46.0,0.0,0.0
10316.0,12500000.0,76338111.0,13.0,101.0,6.0,2203.0,the ides of march,2011.0,2011-09-24,2011.0,2011-07-26,958.0,479851.0,60.0,3.0,83.0,79.0,73.0,0.0,0.0
10317.0,28000000.0,7002261.0,8.0,108.0,5.0,452.0,our brand is crisis,2015.0,2015-09-11,2015.0,2015-09-08,4927.0,4620543.0,3.0,3.0,37.0,36.0,34.0,0.0,0.0
12201.0,80000000.0,81126522.0,12.0,117.0,6.0,1375.0,edge of darkness,2010.0,2010-01-28,2010.0,2010-01-08,32.0,27539.0,20.0,3.0,55.0,53.0,49.0,0.0,0.0
12244.0,30000000.0,48428063.0,28.0,79.0,6.0,3183.0,9,2009.0,2009-08-19,2008.0,2008-12-11,10788.0,6954036.0,251.0,2.0,58.0,57.0,56.0,0.0,0.0
12437.0,35000000.0,92158961.0,30.0,92.0,6.0,3246.0,underworld: rise of the lycans,2009.0,2009-01-22,2008.0,2008-10-28,1659.0,397935.0,86.0,3.0,29.0,40.0,63.0,0.0,0.0
12620.0,25000000.0,70442940.0,15.0,97.0,5.0,1736.0,the house bunny,2008.0,2008-08-22,2008.0,2008-04-14,7773.0,2933668.0,130.0,2.0,43.0,45.0,50.0,0.0,0.0
12819.0,20000000.0,50500000.0,14.0,88.0,5.0,461.0,alpha and omega,2010.0,2010-09-16,2010.0,2010-09-14,200.0,67349.0,2.0,1.0,19.0,26.0,41.0,0.0,0.0
13056.0,20500000.0,10089373.0,17.0,102.0,5.0,999.0,punisher: war zone,2008.0,2008-12-05,2008.0,2008-11-12,5278.0,3589824.0,23.0,3.0,29.0,33.0,42.0,0.0,0.0
13279.0,20000000.0,27640028.0,10.0,110.0,5.0,899.0,lakeview terrace,2008.0,2008-09-19,2008.0,2008-04-14,1841.0,867483.0,158.0,2.0,44.0,42.0,39.0,0.0,0.0
13515.0,35000000.0,72436439.0,20.0,111.0,6.0,1628.0,mirrors,2008.0,2008-08-15,2008.0,2008-07-25,24270.0,8942029.0,21.0,3.0,14.0,24.0,44.0,0.0,0.0
13812.0,12000000.0,40855419.0,11.0,89.0,5.0,1120.0,quarantine,2008.0,2008-10-10,2008.0,2008-07-21,897.0,244934.0,81.0,3.0,55.0,51.0,44.0,0.0,0.0
13944.0,25000000.0,2000000.0,15.0,93.0,6.0,794.0,passengers,2008.0,2008-09-26,2008.0,2008-09-24,492.0,313351.0,2.0,2.0,30.0,41.0,63.0,0.0,0.0
14299.0,12000000.0,8880045.0,12.0,109.0,7.0,378.0,cadillac records,2008.0,2008-12-05,2008.0,2008-11-24,212.0,60043.0,11.0,3.0,66.0,65.0,65.0,0.0,0.0
14564.0,25000000.0,83080890.0,21.0,102.0,4.0,2335.0,rings,2017.0,2017-02-01,2017.0,2017-01-23,180261.0,24084826.0,9.0,2.0,8.0,13.0,23.0,0.0,0.0
15092.0,20000000.0,34560577.0,40.0,96.0,6.0,2501.0,crank: high voltage,2009.0,2009-04-16,2009.0,2009-01-27,11643.0,4696871.0,79.0,3.0,65.0,59.0,49.0,0.0,0.0
17335.0,20000000.0,73830340.0,12.0,108.0,5.0,570.0,obsessed,2009.0,2009-02-26,2008.0,2008-12-20,3547.0,1099368.0,68.0,2.0,19.0,28.0,46.0,0.0,0.0
17610.0,60000000.0,62357900.0,20.0,97.0,4.0,1687.0,year one,2009.0,2009-06-18,2009.0,2009-06-10,3526.0,1349072.0,8.0,2.0,14.0,17.0,23.0,0.0,0.0
17927.0,20000000.0,18599102.0,15.0,90.0,6.0,556.0,fired up!,2009.0,2009-02-20,2009.0,2009-02-04,1542.0,843899.0,16.0,2.0,24.0,33.0,52.0,0.0,0.0
18501.0,50000000.0,40828540.0,14.0,95.0,5.0,2123.0,gamer,2009.0,2009-09-03,2009.0,2009-07-31,19.0,55941.0,34.0,3.0,30.0,33.0,39.0,0.0,0.0
18781.0,10000000.0,77527732.0,11.0,102.0,6.0,982.0,the haunting in connecticut,2009.0,2009-03-27,2008.0,2008-10-22,13109.0,5399850.0,156.0,3.0,19.0,27.0,44.0,0.0,0.0
19901.0,20000000.0,51417188.0,16.0,98.0,6.0,1751.0,daybreakers,2009.0,2009-10-01,2009.0,2009-06-26,7910.0,2603990.0,97.0,3.0,68.0,61.0,49.0,0.0,0.0
19904.0,20000000.0,31198531.0,12.0,101.0,5.0,772.0,the stepfather,2009.0,2009-10-16,2009.0,2009-09-16,44.0,41676.0,30.0,2.0,13.0,20.0,34.0,0.0,0.0
19994.0,16000000.0,31556061.0,27.0,107.0,5.0,3311.0,jennifer's body,2009.0,2009-09-18,2009.0,2009-09-11,20981.0,3472470.0,7.0,3.0,46.0,42.0,35.0,0.0,0.0
20533.0,47000000.0,10539000.0,20.0,81.0,4.0,1299.0,jonah hex,2010.0,2010-06-18,2010.0,2010-06-04,83.0,18838.0,14.0,2.0,12.0,14.0,20.0,0.0,0.0
20829.0,75000000.0,71585235.0,14.0,152.0,5.0,1139.0,funny people,2009.0,2009-07-30,2009.0,2009-06-30,2089.0,978408.0,30.0,3.0,69.0,62.0,48.0,0.0,0.0
22538.0,85000000.0,48000000.0,28.0,112.0,7.0,6966.0,scott pilgrim vs. the world,2010.0,2010-08-12,2010.0,2010-05-28,56512.0,4919805.0,76.0,2.0,82.0,82.0,84.0,0.0,0.0
22894.0,26000000.0,67918658.0,32.0,100.0,5.0,2328.0,legion,2010.0,2010-01-21,2009.0,2009-08-17,8796.0,2482038.0,157.0,3.0,20.0,23.0,31.0,0.0,0.0
22907.0,32000000.0,80205382.0,15.0,107.0,6.0,1117.0,takers,2010.0,2010-08-26,2009.0,2009-09-11,4385.0,1065027.0,349.0,2.0,28.0,39.0,62.0,0.0,0.0
22949.0,35000000.0,96753696.0,13.0,88.0,5.0,653.0,old dogs,2009.0,2009-11-24,2009.0,2009-06-19,3302.0,2243458.0,158.0,1.0,5.0,18.0,44.0,0.0,0.0
22970.0,30000000.0,71041255.0,26.0,95.0,6.0,7106.0,the cabin in the woods,2012.0,2012-04-12,2012.0,2012-03-07,1255.0,306621.0,36.0,3.0,92.0,86.0,74.0,0.0,0.0
22972.0,100000000.0,94882889.0,17.0,115.0,6.0,1971.0,green zone,2010.0,2010-03-11,2009.0,2009-10-30,4116.0,2049761.0,132.0,3.0,53.0,54.0,57.0,0.0,0.0
23048.0,36000000.0,64780213.0,16.0,101.0,6.0,2188.0,hot tub time machine,2010.0,2010-03-26,2009.0,2009-12-17,1329.0,517593.0,99.0,3.0,14.0,18.0,26.0,0.0,0.0
23172.0,28000000.0,66166000.0,15.0,94.0,5.0,1152.0,the spy next door,2010.0,2010-01-15,2009.0,2009-11-02,3019.0,821210.0,74.0,1.0,12.0,21.0,40.0,0.0,0.0
23631.0,20000000.0,44093316.0,23.0,105.0,6.0,2952.0,machete,2010.0,2010-09-01,2010.0,2010-07-10,564.0,204337.0,53.0,3.0,71.0,68.0,63.0,0.0,0.0
23706.0,15000000.0,40105542.0,9.0,99.0,4.0,896.0,all about steve,2009.0,2009-08-06,2009.0,2009-08-05,7028.0,2556376.0,1.0,2.0,6.0,14.0,30.0,0.0,0.0
23742.0,30000000.0,55583804.0,12.0,107.0,5.0,1351.0,cop out,2010.0,2010-02-26,2010.0,2010-02-03,131.0,142244.0,23.0,3.0,18.0,25.0,39.0,0.0,0.0
24418.0,40000000.0,28169671.0,27.0,109.0,5.0,971.0,cirque du freak: the vampire's assistant,2009.0,2009-10-23,2009.0,2009-08-18,1781.0,394753.0,66.0,2.0,37.0,38.0,42.0,0.0,0.0
24438.0,58000000.0,85280250.0,13.0,103.0,5.0,869.0,did you hear about the morgans?,2009.0,2009-12-17,2009.0,2009-08-17,449.0,339882.0,122.0,2.0,12.0,17.0,27.0,0.0,0.0
25132.0,40000000.0,28972508.0,10.0,89.0,5.0,266.0,shorts,2009.0,2009-08-21,2009.0,2009-06-13,4627.0,777054.0,69.0,1.0,47.0,42.0,32.0,0.0,0.0
25643.0,18000000.0,36133014.0,8.0,109.0,5.0,599.0,love happens,2009.0,2009-09-18,2009.0,2009-06-30,693.0,550856.0,80.0,2.0,16.0,23.0,37.0,0.0,0.0
25793.0,10000000.0,47536959.0,17.0,110.0,7.0,1486.0,precious,2009.0,2009-11-06,2009.0,2009-05-20,3325.0,474069.0,170.0,3.0,92.0,86.0,75.0,0.0,0.0
26388.0,1987650.0,19152480.0,14.0,94.0,6.0,2521.0,buried,2010.0,2010-09-24,2010.0,2010-07-22,688.0,406766.0,64.0,3.0,87.0,79.0,65.0,0.0,0.0
26389.0,52000000.0,52826594.0,16.0,92.0,6.0,1779.0,from paris with love,2010.0,2010-02-04,2010.0,2010-01-12,1090.0,697322.0,23.0,3.0,38.0,43.0,54.0,0.0,0.0
28665.0,18000000.0,77211836.0,10.0,107.0,5.0,335.0,fame,2009.0,2009-09-23,2009.0,2009-09-15,37346.0,9657115.0,8.0,1.0,24.0,28.0,36.0,0.0,0.0
31867.0,32000000.0,18409891.0,13.0,111.0,6.0,1717.0,repo men,2010.0,2010-03-18,2010.0,2010-01-07,781.0,509925.0,70.0,3.0,21.0,27.0,41.0,0.0,0.0
32823.0,40000000.0,90029656.0,15.0,109.0,5.0,1568.0,get him to the greek,2010.0,2010-06-03,2010.0,2010-02-13,525.0,504578.0,110.0,3.0,73.0,69.0,62.0,0.0,0.0
34803.0,21000000.0,49050886.0,11.0,92.0,5.0,857.0,death at a funeral,2010.0,2010-04-15,2009.0,2009-12-07,8174.0,2605356.0,129.0,3.0,43.0,43.0,45.0,0.0,0.0
34813.0,25000000.0,23580000.0,22.0,97.0,6.0,1609.0,the losers,2010.0,2010-04-23,2010.0,2010-02-25,376.0,275751.0,57.0,2.0,48.0,50.0,54.0,0.0,0.0
35688.0,20000000.0,60072596.0,6.0,121.0,6.0,130.0,why did i get married too?,2010.0,2010-04-02,2010.0,2010-02-02,2536.0,533346.0,59.0,2.0,27.0,40.0,68.0,0.0,0.0
35690.0,20000000.0,89137047.0,14.0,107.0,7.0,3171.0,the last song,2010.0,2010-03-31,2009.0,2009-11-24,941.0,299852.0,127.0,1.0,21.0,35.0,65.0,0.0,0.0
37430.0,90000000.0,63523283.0,30.0,113.0,5.0,1695.0,conan the barbarian,2011.0,2011-08-17,2011.0,2011-05-06,12530.0,12097869.0,103.0,3.0,25.0,26.0,30.0,0.0,0.0
37735.0,8000000.0,75026327.0,22.0,93.0,6.0,6360.0,easy a,2010.0,2010-09-16,2010.0,2010-05-13,37733.0,10951708.0,126.0,2.0,85.0,82.0,77.0,0.0,0.0
37931.0,10000000.0,9322895.0,8.0,90.0,5.0,479.0,macgruber,2010.0,2010-05-21,2010.0,2010-04-27,532.0,482713.0,24.0,3.0,47.0,43.0,35.0,0.0,0.0
37950.0,44000000.0,48190704.0,15.0,99.0,6.0,2029.0,charlie st. cloud,2010.0,2010-07-30,2010.0,2010-05-17,1619.0,591156.0,74.0,2.0,28.0,38.0,60.0,0.0,0.0
38073.0,32000000.0,42045846.0,10.0,102.0,6.0,659.0,going the distance,2010.0,2010-08-27,2010.0,2010-08-24,227.0,107406.0,3.0,3.0,54.0,53.0,52.0,0.0,0.0
38319.0,49900000.0,28013733.0,11.0,102.0,5.0,1183.0,your highness,2011.0,2011-04-08,2010.0,2010-12-22,913.0,538374.0,107.0,3.0,27.0,29.0,34.0,0.0,0.0
38321.0,60000000.0,78309131.0,19.0,87.0,5.0,2018.0,priest,2011.0,2011-05-05,2010.0,2010-09-15,10339.0,3732838.0,232.0,2.0,15.0,25.0,46.0,0.0,0.0
38322.0,32000000.0,83615414.0,24.0,107.0,5.0,1097.0,"big mommas: like father, like son",2011.0,2011-02-16,2010.0,2010-11-19,375.0,207609.0,89.0,2.0,5.0,22.0,58.0,0.0,0.0
38358.0,1800000.0,69432527.0,14.0,87.0,5.0,904.0,the last exorcism,2010.0,2010-08-27,2010.0,2010-08-06,200.0,278928.0,21.0,2.0,15.0,18.0,26.0,0.0,0.0
38843.0,15000000.0,27293743.0,10.0,103.0,6.0,712.0,ramona and beezus,2010.0,2010-07-23,2010.0,2010-03-19,7405.0,1185286.0,126.0,0.0,70.0,70.0,71.0,0.0,0.0
39486.0,35000000.0,60321861.0,14.0,123.0,7.0,509.0,secretariat,2010.0,2010-08-20,2010.0,2010-04-28,4989.0,2448260.0,114.0,1.0,64.0,68.0,76.0,0.0,0.0
39513.0,40000000.0,97984015.0,25.0,104.0,6.0,5166.0,paul,2011.0,2011-02-14,2010.0,2010-10-21,422.0,453874.0,116.0,3.0,70.0,67.0,62.0,0.0,0.0
40264.0,20000000.0,80547866.0,13.0,82.0,4.0,1110.0,vampires suck,2010.0,2010-08-18,2010.0,2010-07-10,13843.0,1734652.0,39.0,2.0,4.0,12.0,29.0,0.0,0.0
42296.0,30000.0,3045943.0,5.0,87.0,6.0,469.0,catfish,2010.0,2010-09-17,2010.0,2010-08-05,3430.0,1597354.0,43.0,2.0,80.0,77.0,71.0,0.0,0.0
42297.0,55000000.0,89519773.0,14.0,119.0,7.0,2072.0,burlesque,2010.0,2010-11-23,2010.0,2010-09-30,7574.0,4671781.0,54.0,2.0,37.0,46.0,64.0,0.0,0.0
42684.0,10000000.0,66984888.0,23.0,92.0,4.0,1445.0,skyline,2010.0,2010-11-11,2010.0,2010-10-14,5175.0,1797027.0,28.0,2.0,15.0,16.0,18.0,0.0,0.0
42888.0,120000000.0,48668907.0,12.0,121.0,5.0,857.0,how do you know,2010.0,2010-12-17,2010.0,2010-08-13,4222.0,2228211.0,126.0,2.0,31.0,28.0,25.0,0.0,0.0
42889.0,2000000.0,636706.0,12.0,120.0,4.0,61.0,the virginity hit,2010.0,2010-09-24,2010.0,2010-08-26,24.0,36893.0,29.0,3.0,27.0,28.0,31.0,0.0,0.0
43539.0,30000000.0,67448651.0,19.0,133.0,7.0,2564.0,the next three days,2010.0,2010-11-18,2010.0,2010-11-09,661.0,257667.0,9.0,2.0,50.0,55.0,66.0,0.0,0.0
43931.0,25000000.0,21500813.0,9.0,107.0,5.0,458.0,my soul to take,2010.0,2010-10-08,2010.0,2010-08-18,2778.0,1486081.0,51.0,3.0,10.0,15.0,26.0,0.0,0.0
43949.0,14000000.0,1755212.0,17.0,89.0,7.0,2583.0,flipped,2010.0,2010-08-06,2010.0,2010-06-04,15321.0,1618661.0,63.0,1.0,55.0,62.0,78.0,0.0,0.0
44113.0,22000000.0,9479718.0,9.0,105.0,5.0,604.0,stone,2010.0,2010-10-07,2009.0,2009-11-12,123.0,39312.0,329.0,3.0,50.0,40.0,21.0,0.0,0.0
45132.0,2500000.0,324138.0,14.0,96.0,6.0,1338.0,super,2010.0,2010-11-26,2009.0,2009-01-30,1124.0,802644.0,665.0,3.0,49.0,51.0,56.0,0.0,0.0
45272.0,15000000.0,20601987.0,8.0,117.0,6.0,224.0,country strong,2010.0,2010-12-22,2010.0,2010-12-16,5612.0,1413684.0,6.0,2.0,21.0,31.0,53.0,0.0,0.0
48171.0,37000000.0,96047633.0,17.0,114.0,6.0,1889.0,the rite,2011.0,2011-01-28,2010.0,2010-12-10,2349.0,514905.0,49.0,2.0,21.0,27.0,40.0,0.0,0.0
48988.0,36000000.0,83200000.0,19.0,105.0,5.0,1772.0,hall pass,2011.0,2011-02-25,2010.0,2010-11-05,1159.0,319665.0,112.0,3.0,33.0,35.0,40.0,0.0,0.0
49022.0,35000000.0,65090821.0,15.0,112.0,6.0,940.0,something borrowed,2011.0,2011-05-05,2011.0,2011-03-01,738.0,388582.0,65.0,2.0,15.0,26.0,48.0,0.0,0.0
49049.0,50000000.0,41037742.0,18.0,95.0,6.0,4527.0,dredd,2012.0,2012-09-07,2012.0,2012-06-22,5508.0,4504717.0,77.0,3.0,80.0,77.0,72.0,0.0,0.0
49520.0,52000000.0,75450437.0,24.0,112.0,6.0,2486.0,the change-up,2011.0,2011-08-05,2011.0,2011-07-28,497.0,248494.0,8.0,3.0,26.0,33.0,47.0,0.0,0.0
49524.0,130000000.0,61648500.0,26.0,96.0,5.0,3620.0,r.i.p.d.,2013.0,2013-07-18,2013.0,2013-04-19,7298.0,1603979.0,90.0,2.0,12.0,20.0,38.0,0.0,0.0
49526.0,35000000.0,31083599.0,16.0,91.0,6.0,1900.0,premium rush,2012.0,2012-08-24,2011.0,2011-09-15,18558.0,5180381.0,344.0,2.0,75.0,70.0,60.0,0.0,0.0
49730.0,42000000.0,89162162.0,18.0,100.0,5.0,2916.0,red riding hood,2011.0,2011-03-11,2010.0,2010-11-16,2636.0,840670.0,115.0,2.0,10.0,19.0,39.0,0.0,0.0
49950.0,16000000.0,52545707.0,11.0,91.0,5.0,863.0,the roommate,2011.0,2011-02-04,2011.0,2011-01-26,7828.0,2066530.0,9.0,2.0,3.0,11.0,27.0,0.0,0.0
50321.0,150000000.0,38992758.0,15.0,88.0,6.0,613.0,mars needs moms,2011.0,2011-03-09,2010.0,2010-11-22,5602.0,1441597.0,107.0,1.0,37.0,38.0,40.0,0.0,0.0
50348.0,40000000.0,85412898.0,14.0,119.0,7.0,2824.0,the lincoln lawyer,2011.0,2011-03-17,2011.0,2011-01-16,5263.0,4203529.0,60.0,3.0,83.0,82.0,82.0,0.0,0.0
50647.0,35000000.0,24159934.0,14.0,98.0,5.0,1133.0,wanderlust,2012.0,2012-02-23,2011.0,2011-11-02,7965.0,4250505.0,113.0,3.0,59.0,52.0,39.0,0.0,0.0
51588.0,8000000.0,10130000.0,10.0,104.0,6.0,415.0,prom,2011.0,2011-04-29,2010.0,2010-11-17,6759.0,3583396.0,163.0,1.0,35.0,36.0,39.0,0.0,0.0
54054.0,40000000.0,36893721.0,11.0,91.0,5.0,893.0,one for the money,2012.0,2012-01-26,2011.0,2011-09-30,2628.0,3116073.0,118.0,2.0,2.0,15.0,42.0,0.0,0.0
57119.0,6600000.0,37710610.0,10.0,112.0,6.0,184.0,jumping the broom,2011.0,2011-05-06,2011.0,2011-03-09,707.0,574992.0,58.0,2.0,58.0,58.0,58.0,0.0,0.0
57157.0,12000000.0,22939027.0,13.0,94.0,5.0,1098.0,young adult,2011.0,2011-11-11,2011.0,2011-10-07,700.0,542339.0,35.0,3.0,80.0,69.0,49.0,0.0,0.0
57586.0,5000000.0,30857747.0,9.0,89.0,7.0,216.0,african cats,2011.0,2011-04-21,2011.0,2011-04-21,9272.0,2294533.0,0.0,0.0,73.0,74.0,77.0,0.0,0.0
58431.0,28000000.0,16457494.0,25.0,108.0,6.0,1991.0,pride and prejudice and zombies,2016.0,2016-02-04,2015.0,2015-10-22,11802.0,5606047.0,105.0,2.0,46.0,45.0,45.0,0.0,0.0
59440.0,25000000.0,23308615.0,33.0,140.0,7.0,4051.0,warrior,2011.0,2011-09-09,2011.0,2011-07-11,1971.0,8981831.0,60.0,2.0,84.0,86.0,92.0,0.0,0.0
59859.0,28000000.0,60700000.0,24.0,103.0,6.0,5680.0,kick-ass 2,2013.0,2013-07-17,2013.0,2013-04-05,661.0,150234.0,103.0,3.0,32.0,40.0,57.0,0.0,0.0
59861.0,30000000.0,75055070.0,9.0,98.0,5.0,1174.0,larry crowne,2011.0,2011-06-30,2011.0,2011-03-21,423.0,278833.0,101.0,2.0,37.0,38.0,41.0,0.0,0.0
59965.0,35000000.0,82087155.0,11.0,106.0,5.0,2682.0,abduction,2011.0,2011-09-22,2011.0,2011-04-15,27073.0,8353942.0,160.0,2.0,5.0,17.0,42.0,0.0,0.0
59967.0,30000000.0,47042000.0,22.0,118.0,6.0,9417.0,looper,2012.0,2012-09-26,2012.0,2012-06-28,27282.0,10095583.0,90.0,3.0,93.0,89.0,82.0,0.0,0.0
60935.0,35000000.0,31505287.0,21.0,103.0,6.0,2559.0,the thing,2011.0,2011-10-12,2011.0,2011-09-28,2001.0,485309.0,14.0,3.0,100.0,94.0,85.0,0.0,0.0
61891.0,30000000.0,15395087.0,10.0,130.0,6.0,660.0,anonymous,2011.0,2011-10-21,2011.0,2011-04-07,10158.0,4908651.0,197.0,2.0,46.0,48.0,53.0,0.0,0.0
62206.0,28000000.0,40547440.0,18.0,83.0,5.0,1526.0,30 minutes or less,2011.0,2011-08-11,2011.0,2011-04-29,1509.0,259056.0,104.0,3.0,45.0,43.0,40.0,0.0,0.0
62214.0,39000000.0,81493846.0,19.0,87.0,6.0,2951.0,frankenweenie,2012.0,2012-10-04,2012.0,2012-03-02,8276.0,2112448.0,216.0,1.0,88.0,82.0,70.0,0.0,0.0
62835.0,40000000.0,71508440.0,35.0,108.0,6.0,2302.0,colombiana,2011.0,2011-07-27,2011.0,2011-05-05,25582.0,7465382.0,83.0,2.0,27.0,40.0,67.0,0.0,0.0
62837.0,37000000.0,95404397.0,10.0,113.0,6.0,587.0,dolphin tale,2011.0,2011-09-23,2011.0,2011-04-08,1716.0,634693.0,168.0,1.0,66.0,68.0,72.0,0.0,0.0
63492.0,20000000.0,30426096.0,13.0,106.0,6.0,2132.0,what's your number?,2011.0,2011-09-30,2011.0,2011-07-05,22212.0,3292117.0,87.0,3.0,23.0,30.0,44.0,0.0,0.0
64639.0,25000000.0,10324441.0,12.0,110.0,5.0,477.0,straw dogs,2011.0,2011-09-16,2011.0,2011-05-13,4517.0,2262317.0,126.0,3.0,42.0,39.0,34.0,0.0,0.0
64685.0,40000000.0,55247881.0,13.0,129.0,6.0,1848.0,extremely loud & incredibly close,2011.0,2011-12-25,2011.0,2011-09-29,1395.0,320567.0,87.0,2.0,45.0,50.0,61.0,0.0,0.0
64807.0,40000000.0,44907260.0,15.0,113.0,6.0,1153.0,grudge match,2013.0,2013-12-25,2013.0,2013-09-12,17636.0,4899675.0,104.0,2.0,30.0,35.0,46.0,0.0,0.0
67660.0,12000000.0,96070507.0,12.0,122.0,6.0,770.0,think like a man,2012.0,2012-04-20,2011.0,2011-12-15,14201.0,3433662.0,127.0,2.0,23.0,35.0,59.0,0.0,0.0
67911.0,10000000.0,2500000.0,12.0,97.0,4.0,152.0,bucky larson: born to be a star,2011.0,2011-09-09,2011.0,2011-06-24,2052.0,1020034.0,77.0,3.0,3.0,10.0,25.0,0.0,0.0
67913.0,6000000.0,19560274.0,9.0,96.0,6.0,1040.0,the guard,2011.0,2011-07-07,2010.0,2010-09-11,529.0,126082.0,299.0,3.0,94.0,89.0,81.0,0.0,0.0
68730.0,46000000.0,23737523.0,17.0,161.0,7.0,2761.0,silence,2016.0,2016-12-22,2016.0,2016-11-23,36111.0,8108367.0,29.0,3.0,83.0,78.0,69.0,0.0,0.0
68817.0,24000000.0,63543328.0,20.0,113.0,6.0,1527.0,footloose,2011.0,2011-10-06,2011.0,2011-10-06,34.0,602961.0,0.0,2.0,68.0,65.0,61.0,0.0,0.0
69668.0,50000000.0,38502340.0,10.0,84.0,6.0,1249.0,dream house,2011.0,2011-09-29,2011.0,2011-07-26,3625.0,1310760.0,65.0,2.0,7.0,16.0,36.0,0.0,0.0
70074.0,55000000.0,9489829.0,17.0,92.0,5.0,1123.0,bullet to the head,2013.0,2013-01-31,2012.0,2012-08-17,843.0,304551.0,167.0,3.0,45.0,43.0,39.0,0.0,0.0
71864.0,25000000.0,56012642.0,12.0,105.0,6.0,1079.0,the odd life of timothy green,2012.0,2012-08-15,2011.0,2011-08-09,7150.0,2972812.0,372.0,1.0,36.0,46.0,67.0,0.0,0.0
72207.0,30000000.0,54169363.0,14.0,124.0,5.0,1211.0,the five-year engagement,2012.0,2012-04-27,2011.0,2011-12-09,862.0,408907.0,140.0,3.0,64.0,59.0,51.0,0.0,0.0
72334.0,5000000.0,34823764.0,10.0,78.0,6.0,102.0,chimpanzee,2012.0,2012-04-20,2011.0,2011-11-23,2059.0,707083.0,149.0,0.0,75.0,75.0,75.0,0.0,0.0
72387.0,30000000.0,40346186.0,25.0,94.0,6.0,2161.0,safe,2012.0,2012-04-16,2011.0,2011-11-11,10006.0,6450100.0,157.0,3.0,60.0,59.0,59.0,0.0,0.0
76489.0,30000000.0,54819301.0,25.0,92.0,5.0,498.0,the three stooges,2012.0,2012-04-13,2012.0,2012-04-02,335.0,98991.0,11.0,1.0,51.0,49.0,47.0,0.0,0.0
76494.0,40000000.0,79700000.0,14.0,110.0,6.0,1671.0,what to expect when you're expecting,2012.0,2012-05-17,2012.0,2012-04-13,345.0,2747911.0,34.0,2.0,23.0,31.0,47.0,0.0,0.0
76617.0,10000000.0,47340586.0,24.0,92.0,5.0,1437.0,texas chainsaw 3d,2013.0,2013-01-03,2012.0,2012-09-14,4638.0,2376307.0,111.0,3.0,19.0,26.0,40.0,0.0,0.0
77866.0,25000000.0,96262212.0,19.0,109.0,6.0,1898.0,contraband,2012.0,2012-01-12,2011.0,2011-09-30,2056.0,1202065.0,104.0,3.0,51.0,53.0,57.0,0.0,0.0
77877.0,25000000.0,99357138.0,34.0,101.0,7.0,3349.0,the lucky one,2012.0,2012-04-19,2011.0,2011-12-08,3266.0,1179758.0,133.0,2.0,20.0,35.0,67.0,0.0,0.0
77883.0,14000000.0,85446075.0,15.0,92.0,6.0,1446.0,the possession,2012.0,2012-08-30,2012.0,2012-08-23,430.0,2863172.0,7.0,3.0,21.0,23.0,27.0,0.0,0.0
78698.0,40000000.0,24719215.0,8.0,107.0,6.0,432.0,big miracle,2012.0,2012-02-02,2011.0,2011-09-23,603.0,309149.0,132.0,1.0,75.0,71.0,64.0,0.0,0.0
79316.0,7000000.0,36433975.0,12.0,89.0,4.0,472.0,devil's due,2014.0,2014-01-08,2013.0,2013-12-06,430.0,184605.0,33.0,3.0,18.0,19.0,21.0,0.0,0.0
80035.0,68000000.0,68267862.0,18.0,102.0,5.0,2089.0,the watch,2012.0,2012-07-26,2012.0,2012-07-11,1910.0,368097.0,15.0,3.0,16.0,23.0,39.0,0.0,0.0
80585.0,75000000.0,59418613.0,17.0,123.0,6.0,1139.0,rock of ages,2012.0,2012-06-13,2012.0,2012-04-03,5979.0,3196015.0,71.0,2.0,43.0,47.0,55.0,0.0,0.0
82525.0,45000000.0,82966152.0,15.0,131.0,6.0,1968.0,savages,2012.0,2012-07-06,2012.0,2012-04-06,532.0,178655.0,91.0,3.0,50.0,51.0,54.0,0.0,0.0
82679.0,14000000.0,11417362.0,10.0,87.0,5.0,392.0,fun size,2012.0,2012-10-24,2012.0,2012-10-12,52.0,584749.0,12.0,2.0,25.0,32.0,47.0,0.0,0.0
82687.0,40000000.0,41863726.0,10.0,95.0,5.0,620.0,the guilt trip,2012.0,2012-12-19,2012.0,2012-11-06,256.0,1269031.0,43.0,2.0,36.0,37.0,39.0,0.0,0.0
87421.0,38000000.0,98337295.0,31.0,119.0,6.0,3694.0,riddick,2013.0,2013-09-02,2013.0,2013-06-20,1846.0,625461.0,74.0,3.0,58.0,57.0,56.0,0.0,0.0
87428.0,70000000.0,58058367.0,39.0,116.0,5.0,1661.0,that's my boy,2012.0,2012-06-14,2012.0,2012-03-01,3733.0,1480446.0,105.0,3.0,20.0,30.0,51.0,0.0,0.0
87567.0,35000000.0,21819348.0,13.0,90.0,5.0,1056.0,the big wedding,2013.0,2013-04-25,2013.0,2013-03-28,251.0,1651627.0,28.0,3.0,7.0,18.0,40.0,0.0,0.0
87825.0,60000000.0,49000000.0,19.0,111.0,6.0,1364.0,trouble with the curve,2012.0,2012-09-21,2012.0,2012-08-08,14523.0,3899023.0,44.0,2.0,51.0,56.0,66.0,0.0,0.0
87826.0,42000000.0,73100000.0,14.0,105.0,6.0,1299.0,here comes the boom,2012.0,2012-10-11,2012.0,2012-06-26,11585.0,5241191.0,107.0,1.0,42.0,49.0,65.0,0.0,0.0
88036.0,14000000.0,24637469.0,9.0,116.0,6.0,104.0,sparkle,2012.0,2012-08-17,2012.0,2012-04-02,3631.0,968156.0,137.0,2.0,56.0,52.0,45.0,0.0,0.0
88794.0,35000000.0,84606030.0,12.0,137.0,6.0,2215.0,j. edgar,2011.0,2011-11-09,2011.0,2011-09-20,784.0,322381.0,50.0,3.0,43.0,43.0,44.0,0.0,0.0
89492.0,35000000.0,88215156.0,17.0,134.0,5.0,1967.0,this is 40,2012.0,2012-12-20,2012.0,2012-04-28,378.0,200049.0,236.0,3.0,51.0,50.0,50.0,0.0,0.0
93856.0,1000000.0,38390020.0,15.0,88.0,5.0,1432.0,chernobyl diaries,2012.0,2012-05-24,2012.0,2012-05-16,537.0,839112.0,8.0,3.0,18.0,21.0,28.0,0.0,0.0
96721.0,38000000.0,90247624.0,22.0,123.0,7.0,6427.0,rush,2013.0,2013-09-02,2012.0,2012-06-01,1112.0,2355303.0,458.0,3.0,88.0,88.0,88.0,0.0,0.0
97430.0,15000000.0,20546518.0,12.0,96.0,5.0,1021.0,the man with the iron fists,2012.0,2012-11-02,2012.0,2012-07-27,1637.0,265244.0,98.0,3.0,51.0,47.0,40.0,0.0,0.0
98357.0,56000000.0,34737199.0,17.0,109.0,5.0,1323.0,broken city,2013.0,2013-01-18,2012.0,2012-10-25,744.0,231739.0,85.0,3.0,28.0,31.0,40.0,0.0,0.0
100241.0,65000000.0,76801179.0,23.0,92.0,5.0,1702.0,"i, frankenstein",2014.0,2014-01-22,2013.0,2013-10-05,10163.0,3313763.0,109.0,2.0,5.0,16.0,38.0,0.0,0.0
101267.0,12000000.0,32726956.0,10.0,93.0,7.0,259.0,katy perry: part of me,2012.0,2012-06-28,2012.0,2012-06-04,330.0,1753095.0,24.0,1.0,75.0,74.0,72.0,0.0,0.0
103370.0,20000000.0,66899242.0,6.0,114.0,6.0,160.0,madea's witness protection,2012.0,2012-06-29,2012.0,2012-05-17,2711.0,1380631.0,43.0,2.0,19.0,34.0,66.0,0.0,0.0
109091.0,25000000.0,71009334.0,15.0,117.0,5.0,1674.0,the counselor,2013.0,2013-10-25,2013.0,2013-07-30,178.0,86630.0,87.0,3.0,34.0,30.0,24.0,0.0,0.0
109410.0,40000000.0,95020213.0,22.0,128.0,7.0,1600.0,42,2013.0,2013-04-12,2012.0,2012-09-21,2221.0,536586.0,203.0,2.0,81.0,82.0,85.0,0.0,0.0
109417.0,20000000.0,16549477.0,13.0,110.0,6.0,296.0,battle of the year,2013.0,2013-09-21,2013.0,2013-05-09,1035.0,2059372.0,135.0,2.0,6.0,20.0,49.0,0.0,0.0
109428.0,17000000.0,97542952.0,55.0,91.0,6.0,4095.0,evil dead,2013.0,2013-04-05,2012.0,2012-10-25,2980.0,451065.0,162.0,3.0,84.0,81.0,76.0,0.0,0.0
109491.0,60000000.0,60052138.0,17.0,124.0,6.0,2673.0,beautiful creatures,2013.0,2013-02-13,2013.0,2013-01-18,2662.0,443328.0,26.0,2.0,47.0,49.0,54.0,0.0,0.0
116741.0,58000000.0,44000000.0,0.0,119.0,6.0,3855.0,the internship,2013.0,2013-06-07,2013.0,2013-02-14,1050.0,252413.0,113.0,2.0,35.0,40.0,51.0,0.0,0.0
122906.0,12000000.0,87100449.0,30.0,123.0,7.0,7582.0,about time,2013.0,2013-09-04,2013.0,2013-05-15,9947.0,3465807.0,112.0,3.0,70.0,73.0,81.0,0.0,0.0
123553.0,60000000.0,95396573.0,28.0,130.0,6.0,4224.0,the mortal instruments: city of bones,2013.0,2013-08-21,2012.0,2012-11-16,32701.0,7067824.0,278.0,2.0,13.0,28.0,58.0,0.0,0.0
124459.0,30000000.0,27437881.0,11.0,100.0,5.0,1292.0,the incredible burt wonderstone,2013.0,2013-03-14,2012.0,2012-12-21,3205.0,2214702.0,83.0,2.0,38.0,36.0,33.0,0.0,0.0
128270.0,20000000.0,610792.0,5.0,112.0,5.0,62.0,not fade away,2012.0,2012-12-21,2012.0,2012-10-06,176.0,37861.0,76.0,3.0,68.0,59.0,42.0,0.0,0.0
129670.0,12000000.0,27682872.0,7.0,115.0,7.0,1565.0,nebraska,2013.0,2013-09-21,2013.0,2013-09-18,627.0,202959.0,3.0,3.0,91.0,88.0,83.0,0.0,0.0
130150.0,18000000.0,20275812.0,14.0,111.0,6.0,996.0,labor day,2013.0,2013-12-27,2013.0,2013-11-01,578.0,204423.0,56.0,2.0,34.0,40.0,54.0,0.0,0.0
133805.0,30000000.0,82394288.0,22.0,100.0,6.0,4102.0,carrie,2013.0,2013-10-16,2012.0,2012-10-16,4353.0,2905102.0,365.0,3.0,50.0,47.0,44.0,0.0,0.0
134374.0,25000000.0,87305549.0,37.0,130.0,6.0,4026.0,pain & gain,2013.0,2013-04-18,2013.0,2013-03-27,2518.0,1477687.0,22.0,2.0,32.0,40.0,57.0,0.0,0.0
136835.0,13200000.0,53830415.0,19.0,83.0,5.0,571.0,no good deed,2014.0,2014-09-10,2014.0,2014-06-12,10825.0,4179863.0,90.0,2.0,12.0,26.0,55.0,0.0,0.0
137321.0,60000000.0,30800231.0,12.0,118.0,6.0,1243.0,winter's tale,2014.0,2014-02-13,2013.0,2013-11-07,13937.0,5196373.0,98.0,2.0,13.0,23.0,44.0,0.0,0.0
139948.0,225000.0,111300.0,2.0,86.0,7.0,23.0,burn,2012.0,2012-11-01,2012.0,2012-05-03,1041.0,697314.0,182.0,3.0,54.0,50.0,44.0,0.0,0.0
145220.0,50000000.0,80383290.0,13.0,107.0,6.0,734.0,muppets most wanted,2014.0,2014-03-20,2014.0,2014-03-08,151.0,66826.0,12.0,1.0,80.0,73.0,59.0,0.0,0.0
146227.0,18000000.0,10501938.0,9.0,90.0,5.0,569.0,getaway,2013.0,2013-08-29,2013.0,2013-08-20,4172.0,3244804.0,9.0,2.0,3.0,13.0,35.0,0.0,0.0
146238.0,30000000.0,62616646.0,14.0,91.0,5.0,1138.0,runner runner,2013.0,2013-09-24,2013.0,2013-06-08,5813.0,3795146.0,108.0,3.0,7.0,15.0,33.0,0.0,0.0
146304.0,17000000.0,71625195.0,8.0,123.0,6.0,230.0,the best man holiday,2013.0,2013-11-15,2013.0,2013-07-11,300.0,70533.0,127.0,3.0,70.0,74.0,83.0,0.0,0.0
157847.0,4000000.0,2365467.0,7.0,118.0,6.0,836.0,joe,2013.0,2013-05-16,2012.0,2012-12-13,44.0,13489.0,154.0,3.0,86.0,80.0,68.0,0.0,0.0
158011.0,13000000.0,68572378.0,20.0,94.0,6.0,2670.0,the call,2013.0,2013-03-14,2013.0,2013-02-14,113.0,3281813.0,28.0,1.0,63.0,71.0,89.0,0.0,0.0
158015.0,3000000.0,89328627.0,32.0,86.0,6.0,7693.0,the purge,2013.0,2013-05-31,2013.0,2013-05-14,4160.0,993575.0,17.0,3.0,55.0,52.0,48.0,0.0,0.0
164558.0,10000000.0,68500000.0,10.0,92.0,8.0,968.0,one direction: this is us,2013.0,2013-08-29,2013.0,2013-08-23,3392.0,791215.0,6.0,1.0,63.0,68.0,79.0,0.0,0.0
169917.0,28000000.0,58834384.0,29.0,114.0,6.0,2565.0,a walk among the tombstones,2014.0,2014-09-18,2014.0,2014-05-30,2571.0,2050115.0,111.0,3.0,68.0,62.0,53.0,0.0,0.0
171274.0,20000000.0,14710975.0,18.0,149.0,6.0,2262.0,inherent vice,2014.0,2014-12-12,2014.0,2014-09-29,20348.0,6862155.0,74.0,3.0,74.0,67.0,53.0,0.0,0.0
174675.0,1500000.0,314131.0,10.0,92.0,5.0,717.0,the machine,2013.0,2013-04-25,2013.0,2013-04-04,14693.0,4030046.0,21.0,3.0,25.0,46.0,88.0,0.0,0.0
175555.0,47000000.0,53396354.0,5.0,100.0,6.0,121.0,a madea christmas,2013.0,2013-12-13,2013.0,2013-11-15,676.0,788916.0,28.0,2.0,20.0,36.0,70.0,0.0,0.0
184098.0,24000000.0,70181428.0,15.0,105.0,6.0,510.0,think like a man too,2014.0,2014-06-20,2014.0,2014-02-13,32453.0,10766365.0,127.0,2.0,23.0,35.0,59.0,0.0,0.0
188161.0,40000000.0,86410000.0,18.0,116.0,6.0,3700.0,a million ways to die in the west,2014.0,2014-05-22,2014.0,2014-02-02,2955.0,2693118.0,109.0,3.0,33.0,35.0,41.0,0.0,0.0
188222.0,30000000.0,49263404.0,16.0,104.0,6.0,904.0,entourage,2015.0,2015-06-03,2015.0,2015-03-25,22699.0,8407245.0,70.0,3.0,33.0,41.0,57.0,0.0,0.0
192141.0,5000000.0,54418872.0,18.0,103.0,6.0,2289.0,no escape,2015.0,2015-08-26,2014.0,2014-12-05,7.0,3552.0,264.0,3.0,38.0,40.0,44.0,0.0,0.0
193612.0,200000.0,17834867.0,8.0,98.0,5.0,599.0,the quiet ones,2014.0,2014-04-01,2014.0,2014-01-16,8187.0,3254244.0,75.0,2.0,37.0,33.0,25.0,0.0,0.0
195590.0,21500000.0,6817535.0,13.0,98.0,5.0,524.0,collide,2016.0,2016-06-10,2015.0,2015-07-31,2094.0,112991.0,315.0,2.0,24.0,27.0,35.0,0.0,0.0
198185.0,25000000.0,38307627.0,11.0,124.0,6.0,547.0,million dollar arm,2014.0,2014-05-09,2013.0,2013-12-24,2597.0,1353151.0,136.0,1.0,64.0,65.0,68.0,0.0,0.0
203834.0,1000000.0,23456897.0,13.0,90.0,5.0,715.0,jessabelle,2014.0,2014-11-07,2014.0,2014-04-25,11252.0,5474148.0,196.0,2.0,28.0,28.0,30.0,0.0,0.0
204082.0,22000000.0,43058898.0,52.0,100.0,6.0,3088.0,homefront,2013.0,2013-11-12,2013.0,2013-03-05,37.0,29260.0,252.0,3.0,42.0,48.0,61.0,0.0,0.0
205601.0,10900000.0,16505460.0,12.0,105.0,7.0,631.0,belle,2013.0,2013-05-01,2012.0,2012-01-11,835.0,301198.0,476.0,1.0,95.0,95.0,95.0,0.0,0.0
205775.0,100000000.0,93920758.0,22.0,122.0,6.0,3735.0,in the heart of the sea,2015.0,2015-11-20,2015.0,2015-11-02,71657.0,15540060.0,18.0,2.0,42.0,46.0,54.0,0.0,0.0
209451.0,40000000.0,67347013.0,10.0,134.0,6.0,625.0,jersey boys,2014.0,2014-06-05,2014.0,2014-04-18,1622.0,1021916.0,48.0,3.0,51.0,54.0,62.0,0.0,0.0
210860.0,60000000.0,47318560.0,19.0,107.0,5.0,2477.0,mortdecai,2015.0,2015-01-21,2015.0,2015-01-09,1562.0,1919146.0,12.0,3.0,11.0,17.0,30.0,0.0,0.0
212716.0,11000000.0,7847000.0,16.0,93.0,6.0,1808.0,what if,2013.0,2013-09-07,2012.0,2012-11-21,30.0,8861.0,290.0,2.0,74.0,72.0,69.0,0.0,0.0
222899.0,12500000.0,49002684.0,10.0,100.0,6.0,466.0,about last night,2014.0,2014-02-14,2013.0,2013-09-20,2142.0,1404247.0,147.0,3.0,69.0,67.0,65.0,0.0,0.0
222936.0,37000000.0,26250020.0,11.0,105.0,5.0,1868.0,aloha,2015.0,2015-05-29,2015.0,2015-04-30,45.0,2758928.0,29.0,2.0,20.0,23.0,29.0,0.0,0.0
226857.0,20000000.0,34077920.0,18.0,103.0,6.0,1578.0,endless love,2014.0,2014-02-12,2014.0,2014-01-08,9295.0,5454839.0,35.0,2.0,16.0,30.0,58.0,0.0,0.0
227719.0,12000000.0,33213241.0,21.0,106.0,6.0,2314.0,project almanac,2015.0,2015-01-28,2015.0,2015-01-26,953.0,291730.0,2.0,2.0,38.0,40.0,45.0,0.0,0.0
227735.0,36000000.0,52424533.0,11.0,107.0,6.0,320.0,dolphin tale 2,2014.0,2014-09-11,2014.0,2014-06-14,4427.0,2146242.0,89.0,1.0,66.0,68.0,72.0,0.0,0.0
228066.0,40000000.0,34227298.0,13.0,109.0,5.0,1935.0,victor frankenstein,2015.0,2015-11-10,2015.0,2015-08-18,38375.0,10507507.0,84.0,2.0,26.0,29.0,37.0,0.0,0.0
228205.0,34000000.0,63013281.0,19.0,128.0,7.0,2904.0,the longest ride,2015.0,2015-04-09,2014.0,2014-12-23,73117.0,18537992.0,107.0,2.0,31.0,44.0,71.0,0.0,0.0
228326.0,50000000.0,97437106.0,28.0,95.0,7.0,2372.0,the book of life,2014.0,2014-10-01,2014.0,2014-07-26,388.0,103374.0,67.0,1.0,83.0,81.0,77.0,0.0,0.0
228406.0,6000000.0,284000.0,4.0,94.0,6.0,29.0,believe,2013.0,2013-10-04,2012.0,2012-08-15,112.0,117175.0,415.0,1.0,33.0,44.0,68.0,0.0,0.0
228967.0,44000000.0,12342632.0,30.0,113.0,6.0,5245.0,the interview,2014.0,2014-12-25,2014.0,2014-06-12,20917.0,8625419.0,196.0,3.0,52.0,50.0,48.0,0.0,0.0
230179.0,8500000.0,7500000.0,15.0,90.0,5.0,1042.0,big game,2014.0,2014-09-05,2014.0,2014-01-30,1071.0,1431689.0,218.0,2.0,77.0,62.0,34.0,0.0,0.0
232679.0,15000000.0,30127963.0,8.0,115.0,6.0,305.0,when the game stands tall,2014.0,2014-08-22,2014.0,2014-04-10,9683.0,5258184.0,134.0,1.0,20.0,37.0,72.0,0.0,0.0
235260.0,22000000.0,67800064.0,17.0,138.0,6.0,268.0,son of god,2014.0,2014-02-28,2013.0,2013-11-26,62070.0,6271796.0,94.0,2.0,20.0,37.0,73.0,0.0,0.0
239566.0,30000000.0,33448971.0,10.0,139.0,6.0,464.0,get on up,2014.0,2014-08-01,2014.0,2014-03-14,4317.0,1933099.0,140.0,2.0,80.0,76.0,68.0,0.0,0.0
239678.0,19800000.0,41296320.0,14.0,103.0,6.0,1171.0,this is where i leave you,2014.0,2014-09-10,2014.0,2014-05-28,33372.0,9530973.0,105.0,3.0,44.0,49.0,60.0,0.0,0.0
241251.0,4000000.0,52425855.0,18.0,91.0,4.0,1923.0,the boy next door,2015.0,2015-01-23,2014.0,2014-09-08,26920.0,12944207.0,137.0,3.0,12.0,19.0,34.0,0.0,0.0
243688.0,35000000.0,95437994.0,18.0,93.0,5.0,2094.0,poltergeist,2015.0,2015-05-20,2015.0,2015-04-02,5756.0,4407581.0,48.0,2.0,29.0,26.0,22.0,0.0,0.0
243938.0,36000000.0,64780213.0,10.0,93.0,5.0,810.0,hot tub time machine 2,2015.0,2015-02-20,2015.0,2015-02-19,83.0,43584.0,1.0,3.0,14.0,18.0,26.0,0.0,0.0
244403.0,5000000.0,58293.0,9.0,105.0,7.0,263.0,rudderless,2014.0,2014-10-17,2014.0,2014-10-09,22997.0,1323747.0,8.0,3.0,64.0,70.0,83.0,0.0,0.0
244786.0,3300000.0,13092000.0,59.0,107.0,8.0,13496.0,whiplash,2014.0,2014-10-10,2014.0,2014-09-09,1626.0,251979.0,31.0,3.0,94.0,94.0,94.0,3.0,5.0
245703.0,18000000.0,6740647.0,17.0,112.0,6.0,1716.0,midnight special,2016.0,2016-02-12,2015.0,2015-11-20,6369.0,2746332.0,84.0,2.0,83.0,77.0,67.0,0.0,0.0
245891.0,20000000.0,88761661.0,106.0,101.0,7.0,17423.0,john wick,2014.0,2014-10-22,2014.0,2014-09-13,40519.0,13782027.0,39.0,3.0,94.0,93.0,93.0,0.0,0.0
249070.0,35000000.0,81967450.0,42.0,96.0,5.0,2752.0,hitman: agent 47,2015.0,2015-08-20,2015.0,2015-06-24,15637.0,5191974.0,57.0,3.0,8.0,18.0,40.0,0.0,0.0
249164.0,11000000.0,78274843.0,20.0,106.0,7.0,3973.0,if i stay,2014.0,2014-08-21,2014.0,2014-07-22,41767.0,6840041.0,30.0,2.0,35.0,43.0,61.0,0.0,0.0
250538.0,20000000.0,3396345.0,8.0,110.0,7.0,445.0,the good lie,2014.0,2014-06-27,2014.0,2014-06-21,1981.0,760276.0,6.0,2.0,86.0,84.0,82.0,0.0,0.0
252838.0,23000000.0,79799880.0,23.0,101.0,6.0,1458.0,the wedding ringer,2015.0,2015-01-16,2014.0,2014-09-25,4701.0,3541700.0,113.0,3.0,29.0,40.0,63.0,0.0,0.0
259695.0,108000000.0,22678555.0,12.0,129.0,6.0,1193.0,live by night,2016.0,2016-12-25,2016.0,2016-11-11,7860.0,4919685.0,44.0,3.0,34.0,36.0,42.0,0.0,0.0
261023.0,53000000.0,98837872.0,24.0,123.0,6.0,3050.0,black mass,2015.0,2015-09-04,2015.0,2015-07-30,17554.0,5338193.0,36.0,3.0,73.0,71.0,68.0,0.0,0.0
261392.0,28000000.0,27139524.0,17.0,96.0,6.0,2557.0,american ultra,2015.0,2015-08-19,2015.0,2015-07-17,382.0,4299667.0,33.0,3.0,44.0,44.0,45.0,0.0,0.0
262841.0,125000000.0,64493915.0,21.0,104.0,6.0,752.0,monster trucks,2016.0,2016-12-21,2016.0,2016-11-17,12551.0,4575311.0,34.0,1.0,32.0,38.0,51.0,0.0,0.0
266639.0,5000000.0,2333684.0,9.0,119.0,5.0,357.0,jem and the holograms,2015.0,2015-10-22,2015.0,2015-05-13,2131.0,1309936.0,162.0,1.0,22.0,28.0,40.0,0.0,0.0
267193.0,35000000.0,27979040.0,18.0,83.0,5.0,2074.0,grimsby,2016.0,2016-02-24,2015.0,2015-12-10,29212.0,8690774.0,76.0,3.0,36.0,37.0,41.0,0.0,0.0
268920.0,35000000.0,51680201.0,12.0,87.0,5.0,1482.0,hot pursuit,2015.0,2015-05-08,2015.0,2015-04-09,4630.0,2439668.0,29.0,2.0,8.0,17.0,35.0,0.0,0.0
270487.0,22000000.0,63647656.0,11.0,106.0,5.0,3500.0,"hail, caesar!",2016.0,2016-02-05,2015.0,2015-10-09,24613.0,11241739.0,119.0,2.0,86.0,72.0,44.0,0.0,0.0
271969.0,100000000.0,94061311.0,19.0,125.0,5.0,1544.0,ben-hur,2016.0,2016-08-17,2016.0,2016-03-16,9556.0,7568619.0,154.0,2.0,25.0,34.0,52.0,0.0,0.0
272878.0,20000000.0,43967255.0,15.0,111.0,7.0,694.0,max,2015.0,2015-06-26,2015.0,2015-03-31,155853.0,36044874.0,87.0,1.0,38.0,48.0,70.0,0.0,0.0
273481.0,30000000.0,84872444.0,44.0,122.0,7.0,7609.0,sicario,2015.0,2015-09-17,2015.0,2015-08-25,100.0,3163914.0,23.0,3.0,92.0,89.0,85.0,0.0,0.0
273895.0,20000000.0,66787908.0,9.0,127.0,7.0,2043.0,selma,2014.0,2014-12-25,2014.0,2014-12-23,31523.0,2797519.0,2.0,2.0,99.0,94.0,86.0,1.0,2.0
275601.0,18000000.0,41325328.0,12.0,100.0,5.0,661.0,ricki and the flash,2015.0,2015-07-10,2015.0,2015-05-07,6927.0,4275601.0,64.0,2.0,64.0,57.0,43.0,0.0,0.0
279641.0,35000000.0,23083334.0,10.0,112.0,6.0,846.0,whiskey tango foxtrot,2016.0,2016-03-04,2015.0,2015-12-17,14951.0,5854827.0,78.0,3.0,68.0,63.0,54.0,0.0,0.0
282813.0,6500000.0,16861137.0,14.0,89.0,5.0,904.0,the pyramid,2014.0,2014-12-04,2014.0,2014-08-27,2640.0,700644.0,99.0,3.0,13.0,15.0,21.0,0.0,0.0
284536.0,25000000.0,39171130.0,36.0,111.0,5.0,1220.0,the gambler,2014.0,2014-12-25,2014.0,2014-12-11,20.0,885221.0,14.0,3.0,43.0,39.0,31.0,0.0,0.0
285783.0,35000000.0,61181942.0,11.0,123.0,6.0,2924.0,the walk,2015.0,2015-09-30,2015.0,2015-09-21,28899.0,6471451.0,9.0,3.0,21.0,38.0,73.0,0.0,0.0
286565.0,12000000.0,85512300.0,14.0,109.0,6.0,4840.0,paper towns,2015.0,2015-06-18,2015.0,2015-03-19,301341.0,28009653.0,91.0,2.0,58.0,54.0,47.0,0.0,0.0
287903.0,15000000.0,61788393.0,14.0,98.0,6.0,1842.0,krampus,2015.0,2015-11-26,2015.0,2015-11-11,3335.0,983716.0,15.0,2.0,66.0,61.0,51.0,0.0,0.0
290250.0,50000000.0,62788218.0,20.0,116.0,7.0,7026.0,the nice guys,2016.0,2016-05-15,2016.0,2016-03-22,31069.0,10179546.0,54.0,3.0,91.0,87.0,79.0,0.0,0.0
290512.0,35000000.0,62832209.0,20.0,109.0,6.0,2148.0,the mountain between us,2017.0,2017-10-05,2017.0,2017-05-31,15428.0,11761632.0,127.0,2.0,39.0,42.0,49.0,0.0,0.0
291270.0,8000000.0,5659286.0,12.0,90.0,7.0,1539.0,anomalisa,2015.0,2015-12-30,2015.0,2015-11-03,7155.0,1535202.0,57.0,3.0,91.0,84.0,71.0,0.0,0.0
291328.0,25000000.0,3885342.0,7.0,127.0,5.0,437.0,rules don't apply,2016.0,2016-11-23,2016.0,2016-11-23,53.0,7970.0,0.0,2.0,55.0,48.0,34.0,0.0,0.0
291870.0,11500000.0,94073028.0,44.0,102.0,5.0,4045.0,dirty grandpa,2016.0,2016-01-20,2015.0,2015-12-11,1497.0,1984105.0,40.0,3.0,10.0,21.0,44.0,0.0,0.0
292011.0,45000000.0,33904605.0,20.0,131.0,7.0,2196.0,richard jewell,2019.0,2019-12-13,2019.0,2019-10-03,33108.0,12662465.0,71.0,3.0,77.0,83.0,96.0,0.0,0.0
293646.0,25000000.0,24902723.0,11.0,120.0,6.0,848.0,the 33,2015.0,2015-08-06,2015.0,2015-07-29,24281.0,7502144.0,8.0,2.0,49.0,52.0,59.0,0.0,0.0
293767.0,40000000.0,30930984.0,32.0,113.0,6.0,514.0,billy lynn's long halftime walk,2016.0,2016-11-10,2016.0,2016-05-12,3396.0,2923899.0,182.0,3.0,43.0,42.0,41.0,0.0,0.0
293863.0,25000000.0,65663276.0,30.0,112.0,7.0,5935.0,the age of adaline,2015.0,2015-04-16,2014.0,2014-11-19,70372.0,11688977.0,148.0,2.0,55.0,59.0,67.0,0.0,0.0
296100.0,25000000.0,52395996.0,12.0,101.0,6.0,1523.0,the night before,2015.0,2015-11-20,2015.0,2015-09-02,8143.0,15558806.0,79.0,3.0,69.0,66.0,61.0,0.0,0.0
298312.0,5000000.0,98450062.0,32.0,94.0,6.0,4249.0,the visit,2015.0,2015-09-10,2015.0,2015-04-23,53571.0,13599464.0,140.0,2.0,68.0,62.0,51.0,0.0,0.0
300668.0,40000000.0,43070915.0,28.0,115.0,6.0,7804.0,annihilation,2018.0,2018-02-22,2017.0,2017-12-13,97712.0,22184908.0,71.0,3.0,88.0,81.0,67.0,0.0,0.0
300671.0,50000000.0,69411370.0,31.0,144.0,7.0,3123.0,13 hours: the secret soldiers of benghazi,2016.0,2016-01-14,2015.0,2015-07-28,13368.0,7649170.0,170.0,3.0,51.0,61.0,82.0,0.0,0.0
300673.0,80000000.0,52099090.0,12.0,117.0,6.0,1462.0,the finest hours,2016.0,2016-01-27,2015.0,2015-07-08,13978.0,9324605.0,203.0,2.0,63.0,64.0,66.0,0.0,0.0
301337.0,68000000.0,55003890.0,17.0,135.0,5.0,3382.0,downsizing,2017.0,2017-12-22,2017.0,2017-09-12,33678.0,11874528.0,101.0,3.0,47.0,39.0,25.0,0.0,0.0
301351.0,6000000.0,11122090.0,16.0,96.0,6.0,2129.0,we are your friends,2015.0,2015-08-26,2015.0,2015-05-19,114024.0,21077812.0,99.0,3.0,39.0,40.0,42.0,0.0,0.0
302156.0,31500000.0,14708696.0,26.0,113.0,6.0,1550.0,criminal,2016.0,2016-04-07,2016.0,2016-02-11,8484.0,4585716.0,56.0,3.0,29.0,35.0,47.0,0.0,0.0
302688.0,18000000.0,90632641.0,13.0,94.0,5.0,897.0,my big fat greek wedding 2,2016.0,2016-03-23,2015.0,2015-11-11,9703.0,5401826.0,133.0,2.0,27.0,35.0,53.0,0.0,0.0
303858.0,27000000.0,93282604.0,13.0,98.0,6.0,2721.0,money monster,2016.0,2016-05-12,2016.0,2016-01-13,8265.0,5946580.0,120.0,3.0,59.0,56.0,51.0,0.0,0.0
304372.0,12000000.0,60273173.0,8.0,100.0,5.0,293.0,the perfect guy,2015.0,2015-09-11,2015.0,2015-06-04,47525.0,11933819.0,99.0,2.0,18.0,29.0,51.0,0.0,0.0
306745.0,7000000.0,573335.0,11.0,103.0,7.0,593.0,freeheld,2015.0,2015-10-02,2015.0,2015-09-14,5147.0,921815.0,18.0,2.0,50.0,51.0,54.0,0.0,0.0
308266.0,40000000.0,86234523.0,25.0,114.0,6.0,4361.0,war dogs,2016.0,2016-08-17,2016.0,2016-03-24,56062.0,14575138.0,146.0,3.0,61.0,63.0,69.0,0.0,0.0
308639.0,7000000.0,17986781.0,12.0,103.0,7.0,1348.0,dope,2015.0,2015-06-19,2014.0,2014-01-27,4.0,2650.0,508.0,3.0,88.0,86.0,83.0,0.0,0.0
309304.0,600000.0,7205073.0,7.0,78.0,6.0,327.0,grandma,2015.0,2015-06-04,2014.0,2014-04-25,4223.0,1935319.0,405.0,3.0,91.0,83.0,67.0,0.0,0.0
309886.0,13000000.0,6903033.0,15.0,88.0,6.0,1384.0,blood father,2016.0,2016-08-11,2016.0,2016-07-07,9061.0,3096305.0,35.0,3.0,89.0,80.0,63.0,0.0,0.0
314365.0,20000000.0,98690254.0,19.0,129.0,7.0,7623.0,spotlight,2015.0,2015-11-06,2015.0,2015-07-29,352.0,88429.0,100.0,3.0,97.0,95.0,93.0,2.0,6.0
314385.0,10000000.0,3727746.0,10.0,122.0,5.0,537.0,by the sea,2015.0,2015-11-12,2015.0,2015-08-07,2078.0,1426603.0,97.0,3.0,35.0,32.0,28.0,0.0,0.0
316023.0,33000000.0,77068246.0,14.0,98.0,6.0,2299.0,mike and dave need wedding dates,2016.0,2016-07-07,2016.0,2016-02-08,24596.0,8890533.0,150.0,3.0,38.0,42.0,51.0,0.0,0.0
317557.0,15000000.0,10367161.0,11.0,124.0,7.0,376.0,queen of katwe,2016.0,2016-09-23,2016.0,2016-05-10,22091.0,3668302.0,136.0,1.0,94.0,91.0,86.0,0.0,0.0
319888.0,23000000.0,46152411.0,14.0,106.0,7.0,1933.0,eddie the eagle,2016.0,2016-02-25,2015.0,2015-12-17,14416.0,5689731.0,70.0,2.0,81.0,81.0,82.0,0.0,0.0
321258.0,10000000.0,73929392.0,23.0,97.0,5.0,3478.0,the boy,2016.0,2016-01-22,2015.0,2015-01-23,182.0,965323.0,364.0,2.0,78.0,76.0,73.0,1.0,1.0
321697.0,30000000.0,34441873.0,11.0,122.0,6.0,3822.0,steve jobs,2015.0,2015-10-09,2015.0,2015-07-01,77730.0,16288078.0,100.0,3.0,85.0,81.0,73.0,0.0,0.0
321741.0,35000000.0,50363790.0,17.0,123.0,7.0,2343.0,concussion,2015.0,2015-11-12,2015.0,2015-08-31,28720.0,19094937.0,73.0,2.0,58.0,63.0,74.0,0.0,0.0
323676.0,29000000.0,78636257.0,12.0,91.0,5.0,1229.0,the boss,2016.0,2016-04-07,2015.0,2015-11-20,5423.0,2965194.0,139.0,1.0,46.0,60.0,89.0,0.0,0.0
323677.0,5000000.0,24804129.0,12.0,134.0,7.0,1423.0,race,2016.0,2016-02-19,2015.0,2015-04-09,11752.0,4247851.0,316.0,2.0,63.0,67.0,77.0,0.0,0.0
326423.0,20000000.0,55030051.0,12.0,112.0,6.0,407.0,barbershop: the next cut,2016.0,2016-04-15,2015.0,2015-11-24,15421.0,4251308.0,143.0,2.0,90.0,82.0,66.0,0.0,0.0
328387.0,19000000.0,85241496.0,19.0,96.0,7.0,6443.0,nerve,2016.0,2016-06-27,2016.0,2016-05-11,70270.0,11786100.0,47.0,2.0,67.0,66.0,66.0,0.0,0.0
329833.0,50000000.0,56722693.0,13.0,100.0,4.0,2032.0,zoolander 2,2016.0,2016-02-06,2015.0,2015-11-18,87900.0,22487713.0,80.0,2.0,22.0,21.0,20.0,0.0,0.0
330483.0,10000000.0,18730891.0,14.0,111.0,7.0,1744.0,the choice,2016.0,2016-02-04,2015.0,2015-10-01,44411.0,12662838.0,126.0,2.0,11.0,27.0,61.0,0.0,0.0
331313.0,40000000.0,29918745.0,14.0,105.0,6.0,1817.0,keeping up with the joneses,2016.0,2016-10-20,2016.0,2016-06-22,12222.0,5107732.0,120.0,2.0,19.0,25.0,37.0,0.0,0.0
333386.0,10000000.0,4500.0,6.0,110.0,5.0,299.0,the duel,2016.0,2016-06-24,2016.0,2016-04-28,420.0,176061.0,57.0,3.0,26.0,27.0,31.0,0.0,0.0
335360.0,6000000.0,61294644.0,15.0,99.0,7.0,335.0,my little pony: the movie,2017.0,2017-10-05,2017.0,2017-06-28,31764.0,5976901.0,99.0,1.0,47.0,56.0,76.0,0.0,0.0
335791.0,10000000.0,30658387.0,13.0,97.0,5.0,359.0,when the bough breaks,2016.0,2016-09-09,2016.0,2016-08-29,352.0,6757856.0,11.0,2.0,12.0,23.0,45.0,0.0,0.0
335796.0,9000000.0,81705746.0,23.0,99.0,6.0,2222.0,ouija: origin of evil,2016.0,2016-10-20,2016.0,2016-06-23,35802.0,8808152.0,119.0,2.0,83.0,74.0,57.0,0.0,0.0
336000.0,9000000.0,22088533.0,17.0,127.0,7.0,712.0,the glass castle,2017.0,2017-08-11,2017.0,2017-06-01,2482.0,702615.0,71.0,2.0,51.0,57.0,70.0,0.0,0.0
336004.0,8900000.0,4100000.0,14.0,93.0,6.0,829.0,heist,2015.0,2015-11-13,2015.0,2015-09-19,4375.0,3183892.0,55.0,3.0,29.0,33.0,41.0,0.0,0.0
337401.0,200000000.0,66800000.0,52.0,115.0,6.0,6156.0,mulan,2020.0,2020-09-04,2019.0,2019-07-07,771402.0,30240759.0,425.0,2.0,72.0,63.0,46.0,0.0,0.0
338762.0,42000000.0,39861118.0,32.0,110.0,6.0,4587.0,bloodshot,2020.0,2020-03-05,2019.0,2019-10-21,224343.0,19786889.0,136.0,2.0,31.0,46.0,78.0,0.0,0.0
339419.0,9000000.0,8996802.0,9.0,123.0,6.0,850.0,loving,2016.0,2016-11-04,2015.0,2015-12-21,1139.0,161628.0,319.0,2.0,88.0,84.0,76.0,0.0,0.0
339927.0,9900000.0,23600000.0,8.0,96.0,6.0,225.0,kevin hart: what now?,2016.0,2016-10-14,2016.0,2016-06-13,7151.0,1934580.0,123.0,3.0,76.0,70.0,58.0,0.0,0.0
339984.0,16000000.0,73983359.0,79.0,119.0,7.0,1077.0,miracles from heaven,2016.0,2016-03-17,2015.0,2015-11-11,84596.0,12104172.0,127.0,1.0,45.0,56.0,80.0,0.0,0.0
340102.0,67000000.0,49169594.0,24.0,94.0,6.0,3012.0,the new mutants,2020.0,2020-08-26,2020.0,2020-01-06,219797.0,15350550.0,233.0,2.0,36.0,42.0,56.0,0.0,0.0
340402.0,17000000.0,42487325.0,10.0,111.0,5.0,324.0,almost christmas,2016.0,2016-11-11,2016.0,2016-06-15,15156.0,5465595.0,149.0,2.0,49.0,54.0,64.0,0.0,0.0
340837.0,40000000.0,26620002.0,19.0,146.0,6.0,3501.0,a cure for wellness,2017.0,2017-02-15,2016.0,2016-12-20,41341.0,19315626.0,57.0,3.0,42.0,42.0,42.0,0.0,0.0
341012.0,20000000.0,9496130.0,13.0,86.0,6.0,1106.0,popstar: never stop never stopping,2016.0,2016-06-03,2016.0,2016-03-13,16417.0,5082717.0,82.0,3.0,79.0,74.0,65.0,0.0,0.0
345920.0,36000000.0,88528280.0,15.0,97.0,7.0,5070.0,collateral beauty,2016.0,2016-12-06,2016.0,2016-11-10,9996.0,3574353.0,26.0,2.0,13.0,30.0,64.0,0.0,0.0
345922.0,22000000.0,41087017.0,13.0,91.0,6.0,1144.0,fist fight,2017.0,2017-02-16,2016.0,2016-12-06,14486.0,5416386.0,72.0,3.0,25.0,29.0,40.0,0.0,0.0
345938.0,20000000.0,92924405.0,45.0,132.0,7.0,1910.0,the shack,2017.0,2017-03-03,2016.0,2016-12-01,36649.0,11225010.0,92.0,2.0,21.0,39.0,76.0,0.0,0.0
346672.0,35000000.0,81093313.0,31.0,91.0,5.0,3343.0,underworld: blood wars,2016.0,2016-11-24,2016.0,2016-10-07,18920.0,6850844.0,48.0,3.0,21.0,30.0,49.0,0.0,0.0
347629.0,20000000.0,9438370.0,11.0,109.0,6.0,307.0,thank you for your service,2017.0,2017-10-26,2017.0,2017-06-20,6433.0,6589627.0,128.0,3.0,77.0,75.0,72.0,0.0,0.0
351044.0,39000000.0,12780692.0,12.0,116.0,6.0,1045.0,welcome to marwen,2018.0,2018-12-21,2018.0,2018-07-18,24114.0,7583836.0,156.0,2.0,34.0,38.0,48.0,0.0,0.0
351211.0,5000000.0,45172994.0,10.0,89.0,5.0,1747.0,blair witch,2016.0,2016-09-15,2016.0,2016-07-23,40996.0,13019137.0,54.0,3.0,38.0,35.0,31.0,0.0,0.0
353070.0,25000000.0,84618541.0,21.0,96.0,6.0,2501.0,going in style,2017.0,2017-04-06,2016.0,2016-12-16,25020.0,6354607.0,111.0,2.0,47.0,50.0,58.0,0.0,0.0
354861.0,25000000.0,25601244.0,11.0,125.0,5.0,565.0,father figures,2017.0,2017-12-21,2017.0,2017-09-28,4195.0,3078201.0,84.0,3.0,17.0,19.0,25.0,0.0,0.0
366672.0,45000000.0,42500000.0,50.0,94.0,6.0,232.0,paws of fury: the legend of hank,2022.0,2022-07-14,2022.0,2022-04-11,21238.0,10451439.0,94.0,1.0,54.0,58.0,67.0,0.0,0.0
370567.0,59000000.0,90497778.0,15.0,86.0,5.0,634.0,sherlock gnomes,2018.0,2018-03-15,2018.0,2018-02-12,287.0,2530642.0,31.0,1.0,27.0,30.0,36.0,0.0,0.0
372343.0,35000000.0,43203413.0,20.0,119.0,5.0,2045.0,the snowman,2017.0,2017-10-12,2017.0,2017-07-19,6695.0,1649186.0,85.0,3.0,6.0,10.0,18.0,0.0,0.0
373314.0,11000000.0,2049761.0,10.0,106.0,5.0,496.0,misconduct,2016.0,2016-02-05,2015.0,2015-12-17,960.0,604139.0,50.0,3.0,7.0,12.0,22.0,0.0,0.0
373569.0,42000000.0,60845711.0,10.0,90.0,5.0,736.0,snatched,2017.0,2017-05-03,2017.0,2017-03-30,233.0,5382548.0,34.0,3.0,36.0,33.0,29.0,0.0,0.0
375588.0,100000000.0,86493046.0,23.0,116.0,5.0,2703.0,robin hood,2018.0,2018-11-21,2018.0,2018-07-17,66114.0,16755184.0,127.0,2.0,15.0,23.0,40.0,0.0,0.0
376453.0,1250000.0,55000.0,7.0,94.0,6.0,166.0,operation avalanche,2016.0,2016-07-29,2016.0,2016-07-21,3489.0,1217780.0,8.0,3.0,69.0,63.0,53.0,0.0,0.0
376660.0,9000000.0,18803648.0,15.0,105.0,7.0,3765.0,the edge of seventeen,2016.0,2016-11-18,2016.0,2016-11-17,997.0,74164.0,1.0,3.0,94.0,90.0,83.0,0.0,0.0
376866.0,9000000.0,13960394.0,8.0,100.0,6.0,2156.0,jackie,2016.0,2016-12-02,2015.0,2015-06-20,3444.0,1386212.0,531.0,3.0,88.0,78.0,60.0,0.0,0.0
377264.0,8000000.0,8810591.0,13.0,92.0,5.0,1333.0,morgan,2016.0,2016-09-01,2016.0,2016-06-27,17315.0,6926343.0,66.0,3.0,37.0,34.0,30.0,0.0,0.0
380124.0,20000000.0,74827344.0,19.0,103.0,5.0,385.0,boo! a madea halloween,2016.0,2016-10-21,2016.0,2016-07-14,65584.0,7945410.0,99.0,2.0,19.0,30.0,53.0,0.0,0.0
382322.0,3500000.0,3775000.0,18.0,76.0,6.0,1631.0,batman: the killing joke,2016.0,2016-07-24,2016.0,2016-05-11,12925.0,819901.0,74.0,3.0,36.0,40.0,50.0,0.0,0.0
385103.0,90000000.0,28588425.0,24.0,93.0,7.0,1532.0,scoob!,2020.0,2020-07-08,2019.0,2019-11-11,949595.0,34233002.0,240.0,1.0,48.0,49.0,53.0,0.0,0.0
387592.0,50000000.0,53431158.0,15.0,89.0,6.0,702.0,early man,2018.0,2018-01-26,2017.0,2017-12-20,1327.0,9792982.0,37.0,1.0,80.0,69.0,49.0,0.0,0.0
390051.0,10500000.0,840809.0,24.0,92.0,5.0,798.0,aftermath,2017.0,2017-02-28,2017.0,2017-02-07,4313.0,1290509.0,21.0,3.0,41.0,35.0,25.0,0.0,0.0
393457.0,24000000.0,64414761.0,21.0,139.0,6.0,2400.0,fences,2016.0,2016-12-16,2016.0,2016-11-25,10293.0,6667076.0,21.0,2.0,92.0,86.0,75.0,1.0,4.0
395458.0,25000000.0,12751667.0,11.0,105.0,5.0,1550.0,suburbicon,2017.0,2017-10-26,2017.0,2017-07-27,10791.0,3363827.0,91.0,3.0,28.0,27.0,26.0,0.0,0.0
395990.0,30000000.0,34017028.0,38.0,107.0,6.0,2314.0,death wish,2018.0,2018-03-02,2018.0,2018-01-03,16534.0,11750937.0,58.0,3.0,18.0,35.0,71.0,0.0,0.0
395993.0,30000000.0,8484418.0,13.0,119.0,6.0,1349.0,stronger,2017.0,2017-09-22,2016.0,2016-03-22,3639.0,228727.0,549.0,3.0,90.0,87.0,81.0,0.0,0.0
397422.0,20000000.0,45056771.0,19.0,101.0,5.0,1857.0,rough night,2017.0,2017-06-15,2017.0,2017-03-08,29126.0,6116588.0,99.0,3.0,45.0,39.0,29.0,0.0,0.0
398978.0,159000000.0,968853.0,25.0,209.0,7.0,6028.0,the irishman,2019.0,2019-11-01,2019.0,2019-09-26,106323.0,10440135.0,36.0,3.0,95.0,92.0,86.0,0.0,0.0
399360.0,51000000.0,35808437.0,23.0,97.0,6.0,2347.0,alpha,2018.0,2018-08-17,2017.0,2017-07-18,170893.0,26557935.0,395.0,2.0,80.0,77.0,71.0,0.0,0.0
399402.0,40000000.0,31672678.0,29.0,121.0,6.0,1887.0,hunter killer,2018.0,2018-10-19,2018.0,2018-07-26,41005.0,12513420.0,85.0,3.0,37.0,47.0,68.0,0.0,0.0
399796.0,30000000.0,61700416.0,13.0,105.0,6.0,913.0,life of the party,2018.0,2018-05-10,2018.0,2018-02-05,18745.0,6937443.0,94.0,2.0,38.0,38.0,40.0,0.0,0.0
400160.0,60000000.0,4700000.0,57.0,95.0,7.0,2653.0,the spongebob movie: sponge on the run,2020.0,2020-08-14,2019.0,2019-11-14,187665.0,13144170.0,274.0,1.0,67.0,61.0,50.0,0.0,0.0
400535.0,35000000.0,75836683.0,37.0,122.0,6.0,3080.0,sicario: day of the soldado,2018.0,2018-06-27,2018.0,2018-03-20,46014.0,16288902.0,99.0,3.0,62.0,62.0,65.0,0.0,0.0
400710.0,19000000.0,45158254.0,14.0,111.0,5.0,2108.0,flatliners,2017.0,2017-09-28,2017.0,2017-06-13,18486.0,7883683.0,107.0,2.0,4.0,13.0,32.0,0.0,0.0
400928.0,7000000.0,40343446.0,57.0,101.0,8.0,4823.0,gifted,2017.0,2017-04-12,2016.0,2016-05-19,71271.0,2581790.0,328.0,2.0,73.0,77.0,85.0,0.0,0.0
401469.0,42000000.0,73866088.0,19.0,129.0,6.0,2098.0,widows,2018.0,2018-11-06,2018.0,2018-08-15,31418.0,10879030.0,83.0,3.0,91.0,81.0,61.0,0.0,0.0
402529.0,40000000.0,44922302.0,15.0,139.0,6.0,1085.0,all eyez on me,2017.0,2017-06-12,2017.0,2017-04-06,20703.0,1847133.0,67.0,3.0,18.0,30.0,54.0,0.0,0.0
406759.0,146000000.0,67295363.0,122.0,130.0,6.0,2443.0,moonfall,2022.0,2022-02-03,2022.0,2022-01-06,51877.0,23652616.0,28.0,2.0,35.0,46.0,70.0,0.0,0.0
412656.0,125000000.0,26508132.0,21.0,109.0,6.0,2029.0,chaos walking,2021.0,2021-02-24,2020.0,2020-11-19,62452.0,14096900.0,97.0,2.0,21.0,37.0,71.0,0.0,0.0
413362.0,22000000.0,13025860.0,15.0,122.0,6.0,1118.0,"roman j. israel, esq.",2017.0,2017-11-17,2017.0,2017-10-05,6863.0,3099546.0,43.0,2.0,54.0,55.0,57.0,0.0,0.0
417644.0,25000000.0,26800152.0,22.0,100.0,6.0,1145.0,chips,2017.0,2017-03-23,2017.0,2017-01-13,9107.0,6337252.0,69.0,3.0,19.0,27.0,45.0,0.0,0.0
417678.0,10000000.0,61621140.0,13.0,96.0,7.0,3551.0,"everything, everything",2017.0,2017-05-18,2017.0,2017-02-14,34066.0,3957054.0,93.0,2.0,45.0,50.0,61.0,0.0,0.0
418437.0,12000000.0,17768012.0,12.0,100.0,5.0,581.0,unforgettable,2017.0,2017-03-06,2016.0,2016-12-14,6346.0,3590411.0,82.0,3.0,28.0,29.0,33.0,0.0,0.0
420814.0,75000000.0,99138899.0,15.0,104.0,7.0,2473.0,christopher robin,2018.0,2018-08-02,2018.0,2018-05-25,229138.0,14362663.0,69.0,1.0,72.0,75.0,82.0,0.0,0.0
423628.0,3500000.0,890303.0,2.0,120.0,6.0,17.0,believe,2016.0,2016-12-02,2016.0,2016-07-28,157589.0,26273290.0,127.0,1.0,33.0,44.0,68.0,0.0,0.0
426543.0,120000000.0,59522646.0,19.0,99.0,6.0,1954.0,the nutcracker and the four realms,2018.0,2018-10-26,2017.0,2017-12-19,90822.0,8445650.0,311.0,1.0,32.0,32.0,34.0,0.0,0.0
426563.0,42000000.0,40462793.0,10.0,90.0,4.0,737.0,holmes & watson,2018.0,2018-12-25,2018.0,2018-11-27,845.0,49204.0,28.0,2.0,10.0,14.0,25.0,0.0,0.0
428078.0,100000000.0,83869818.0,24.0,129.0,6.0,4145.0,mortal engines,2018.0,2018-11-27,2018.0,2018-06-05,140250.0,28143783.0,175.0,2.0,26.0,33.0,48.0,0.0,0.0
429197.0,60000000.0,76073488.0,12.0,132.0,7.0,3016.0,vice,2018.0,2018-12-25,2017.0,2017-06-20,6433.0,6589627.0,553.0,3.0,65.0,63.0,60.0,1.0,8.0
430474.0,6000000.0,10972300.0,10.0,92.0,6.0,130.0,deep,2017.0,2017-05-12,2016.0,2016-03-23,39970.0,15740906.0,415.0,1.0,33.0,30.0,26.0,0.0,0.0
432602.0,1000000.0,5398976.0,10.0,100.0,6.0,142.0,an inconvenient sequel: truth to power,2017.0,2017-07-28,2017.0,2017-03-28,17520.0,3014224.0,122.0,1.0,80.0,70.0,50.0,0.0,0.0
434555.0,9500000.0,43016528.0,25.0,86.0,5.0,1164.0,the possession of hannah grace,2018.0,2018-11-29,2018.0,2018-10-15,67752.0,13032851.0,45.0,3.0,21.0,23.0,27.0,0.0,0.0
437557.0,21000000.0,94017294.0,18.0,102.0,6.0,1815.0,blockers,2018.0,2018-03-14,2018.0,2018-01-08,21616.0,5065572.0,65.0,3.0,84.0,73.0,51.0,0.0,0.0
438650.0,60000000.0,76419755.0,24.0,119.0,5.0,2254.0,cold pursuit,2019.0,2019-02-07,2018.0,2018-10-25,22831.0,9301715.0,105.0,3.0,68.0,61.0,49.0,0.0,0.0
438799.0,38000000.0,41657844.0,18.0,110.0,6.0,2552.0,overlord,2018.0,2018-11-01,2018.0,2018-07-18,69501.0,16418722.0,106.0,3.0,82.0,77.0,67.0,0.0,0.0
438808.0,29000000.0,26000000.0,16.0,111.0,6.0,932.0,white boy rick,2018.0,2018-09-14,2018.0,2018-06-04,30575.0,6215118.0,102.0,3.0,57.0,55.0,51.0,0.0,0.0
439015.0,10000000.0,11817275.0,18.0,93.0,4.0,1779.0,slender man,2018.0,2018-08-10,2018.0,2018-01-03,242798.0,24324004.0,219.0,2.0,8.0,10.0,16.0,0.0,0.0
442064.0,14000000.0,21753365.0,9.0,88.0,5.0,454.0,proud mary,2018.0,2018-01-12,2017.0,2017-07-20,10359.0,3832755.0,176.0,3.0,25.0,31.0,45.0,0.0,0.0
443791.0,50000000.0,40882928.0,27.0,95.0,6.0,2730.0,underwater,2020.0,2020-01-08,2019.0,2019-08-19,67567.0,12537660.0,142.0,2.0,48.0,52.0,60.0,0.0,0.0
445629.0,11000000.0,39055536.0,18.0,108.0,6.0,1513.0,fighting with my family,2019.0,2019-02-14,2018.0,2018-11-14,39267.0,18280250.0,92.0,2.0,93.0,90.0,86.0,0.0,0.0
445651.0,34000000.0,41142379.0,21.0,105.0,7.0,2421.0,the darkest minds,2018.0,2018-07-25,2018.0,2018-03-28,116514.0,24401262.0,119.0,2.0,15.0,34.0,72.0,0.0,0.0
446021.0,32000000.0,31882724.0,19.0,141.0,6.0,3187.0,bad times at the el royale,2018.0,2018-10-04,2018.0,2018-08-28,36673.0,26027774.0,37.0,3.0,74.0,74.0,75.0,0.0,0.0
446791.0,50000000.0,56996304.0,14.0,132.0,6.0,2060.0,all the money in the world,2017.0,2017-12-21,2017.0,2017-11-29,22307.0,7206206.0,22.0,3.0,79.0,74.0,66.0,0.0,0.0
446807.0,43000000.0,35164920.0,20.0,115.0,6.0,1179.0,the girl in the spider's web,2018.0,2018-10-25,2018.0,2018-06-07,43065.0,7943383.0,140.0,3.0,38.0,37.0,35.0,0.0,0.0
449176.0,17000000.0,66316289.0,18.0,110.0,8.0,5659.0,"love, simon",2018.0,2018-02-16,2018.0,2018-01-16,170001.0,30723835.0,31.0,2.0,92.0,90.0,88.0,0.0,0.0
449562.0,21000000.0,97409779.0,21.0,94.0,6.0,2281.0,the hustle,2019.0,2019-05-09,2019.0,2019-02-12,50354.0,15129965.0,86.0,2.0,13.0,23.0,44.0,0.0,0.0
449563.0,31000000.0,48800000.0,11.0,89.0,6.0,3298.0,isn't it romantic,2019.0,2019-02-13,2018.0,2018-10-31,167921.0,16616871.0,105.0,2.0,69.0,63.0,51.0,0.0,0.0
453201.0,30000000.0,57076286.0,18.0,94.0,5.0,1486.0,the 15:17 to paris,2018.0,2018-02-02,2017.0,2017-12-13,23550.0,6093302.0,51.0,2.0,23.0,27.0,37.0,0.0,0.0
454283.0,19000000.0,5059608.0,10.0,85.0,5.0,308.0,action point,2018.0,2018-06-01,2018.0,2018-03-21,38486.0,7477441.0,72.0,3.0,16.0,19.0,27.0,0.0,0.0
454293.0,29000000.0,33157615.0,13.0,111.0,6.0,1511.0,night school,2018.0,2018-09-27,2018.0,2018-04-03,91445.0,15431141.0,177.0,2.0,27.0,30.0,38.0,0.0,0.0
454619.0,12000000.0,91244913.0,30.0,112.0,6.0,1258.0,overboard,2018.0,2018-04-13,2018.0,2018-01-02,449.0,315628.0,101.0,2.0,23.0,33.0,54.0,0.0,0.0
454992.0,40000000.0,33562069.0,17.0,117.0,6.0,2033.0,the spy who dumped me,2018.0,2018-08-02,2018.0,2018-05-10,27316.0,10670394.0,84.0,3.0,49.0,52.0,58.0,0.0,0.0
455980.0,28000000.0,75100000.0,21.0,100.0,6.0,2782.0,tag,2018.0,2018-05-30,2018.0,2018-03-20,70628.0,13260550.0,71.0,3.0,56.0,56.0,57.0,0.0,0.0
456740.0,50000000.0,55065289.0,29.0,121.0,5.0,3026.0,hellboy,2019.0,2019-04-10,2019.0,2019-03-01,162945.0,16272718.0,40.0,3.0,17.0,27.0,48.0,0.0,0.0
458576.0,60000000.0,42145959.0,49.0,104.0,6.0,2909.0,monster hunter,2020.0,2020-12-03,2020.0,2020-10-14,99113.0,14232376.0,50.0,2.0,43.0,52.0,70.0,0.0,0.0
458897.0,48000000.0,73279888.0,30.0,118.0,6.0,2687.0,charlie's angels,2019.0,2019-11-14,2019.0,2019-06-27,294548.0,24779974.0,140.0,2.0,52.0,60.0,78.0,0.0,0.0
459202.0,25000000.0,48333932.0,11.0,103.0,5.0,454.0,boo 2! a madea halloween,2017.0,2017-10-20,2017.0,2017-09-25,536.0,2824983.0,25.0,2.0,4.0,15.0,40.0,0.0,0.0
460019.0,3500000.0,95330493.0,21.0,101.0,5.0,3688.0,truth or dare,2018.0,2018-04-12,2018.0,2018-01-03,24665.0,8945065.0,99.0,2.0,15.0,17.0,23.0,0.0,0.0
460458.0,40000000.0,38600612.0,76.0,107.0,6.0,2065.0,resident evil: welcome to raccoon city,2021.0,2021-11-24,2021.0,2021-10-07,132102.0,15215690.0,48.0,3.0,30.0,41.0,65.0,0.0,0.0
460465.0,20000000.0,84426031.0,87.0,110.0,7.0,5251.0,mortal kombat,2021.0,2021-04-07,2021.0,2021-02-18,124667.0,4868044.0,48.0,3.0,80.0,82.0,87.0,0.0,0.0
464502.0,20000000.0,34764055.0,16.0,120.0,6.0,348.0,acrimony,2018.0,2018-03-30,2017.0,2017-10-19,39164.0,6391352.0,162.0,3.0,18.0,32.0,60.0,0.0,0.0
464504.0,20000000.0,74747725.0,11.0,104.0,5.0,467.0,a madea family funeral,2019.0,2019-03-01,2018.0,2018-10-31,99249.0,8570588.0,121.0,2.0,11.0,17.0,30.0,0.0,0.0
465086.0,10000000.0,42800000.0,16.0,93.0,5.0,1059.0,the grudge,2020.0,2020-01-01,2019.0,2019-10-28,157639.0,17361195.0,65.0,3.0,20.0,21.0,23.0,0.0,0.0
467909.0,55000000.0,43000000.0,16.0,143.0,7.0,586.0,in the heights,2021.0,2021-06-10,2021.0,2021-03-15,71027.0,9694065.0,87.0,2.0,94.0,94.0,94.0,0.0,0.0
470044.0,23000000.0,34934009.0,19.0,133.0,8.0,1932.0,the hate u give,2018.0,2018-10-19,2018.0,2018-06-25,279852.0,23009089.0,116.0,2.0,97.0,91.0,82.0,0.0,0.0
471474.0,1000000.0,3469151.0,13.0,78.0,6.0,625.0,batman: gotham by gaslight,2018.0,2018-01-12,2017.0,2017-11-17,14355.0,1723359.0,56.0,3.0,75.0,72.0,67.0,0.0,0.0
473149.0,4000000.0,5132274.0,14.0,96.0,6.0,405.0,traffik,2018.0,2018-04-20,2018.0,2018-04-13,370.0,122789.0,7.0,3.0,27.0,33.0,45.0,0.0,0.0
474335.0,19000000.0,17665000.0,26.0,103.0,6.0,492.0,uncle drew,2018.0,2018-06-27,2018.0,2018-04-26,42485.0,13519700.0,62.0,2.0,61.0,56.0,48.0,0.0,0.0
474395.0,10000000.0,28646544.0,23.0,84.0,7.0,1005.0,teen titans go! to the movies,2018.0,2018-07-27,2018.0,2018-05-01,50192.0,11655364.0,87.0,1.0,91.0,84.0,71.0,0.0,0.0
476764.0,25000000.0,3242235.0,11.0,113.0,5.0,310.0,the front runner,2018.0,2018-11-06,2018.0,2018-11-02,1464.0,2486699.0,4.0,3.0,58.0,52.0,40.0,0.0,0.0
482373.0,10000000.0,53785551.0,51.0,98.0,7.0,2094.0,don't breathe 2,2021.0,2021-08-12,2021.0,2021-08-04,12679.0,2003211.0,8.0,3.0,43.0,57.0,85.0,0.0,0.0
484247.0,20000000.0,97644617.0,17.0,117.0,6.0,3786.0,a simple favor,2018.0,2018-08-29,2018.0,2018-07-13,73284.0,16394655.0,47.0,3.0,84.0,80.0,73.0,0.0,0.0
486131.0,30000000.0,21360215.0,21.0,111.0,6.0,1529.0,shaft,2019.0,2019-06-14,2019.0,2019-02-07,116254.0,15992555.0,127.0,3.0,34.0,54.0,94.0,0.0,0.0
487297.0,20000000.0,69766483.0,20.0,117.0,6.0,1207.0,what men want,2019.0,2019-02-08,2018.0,2018-08-14,50293.0,11724566.0,178.0,3.0,42.0,41.0,40.0,0.0,0.0
489999.0,1000000.0,75462037.0,23.0,102.0,7.0,3467.0,searching,2018.0,2018-08-24,2018.0,2018-05-10,76804.0,10331993.0,106.0,2.0,92.0,90.0,88.0,0.0,0.0
492565.0,8000000.0,1561698.0,9.0,100.0,5.0,253.0,the kid,2019.0,2019-03-08,2019.0,2019-02-21,11023.0,2005580.0,15.0,3.0,85.0,82.0,76.0,0.0,0.0
493551.0,24000000.0,17506878.0,12.0,124.0,6.0,851.0,operation finale,2018.0,2018-08-29,2018.0,2018-06-05,7869.0,6634880.0,85.0,2.0,61.0,63.0,67.0,0.0,0.0
497814.0,6000000.0,49078000.0,12.0,88.0,5.0,599.0,breaking in,2018.0,2018-05-05,2018.0,2018-01-11,22093.0,7430206.0,114.0,2.0,27.0,28.0,31.0,0.0,0.0
500475.0,16000000.0,20545116.0,15.0,107.0,6.0,320.0,superfly,2018.0,2018-06-13,2018.0,2018-05-04,35271.0,8512033.0,40.0,3.0,51.0,49.0,46.0,0.0,0.0
500852.0,15000000.0,15200000.0,16.0,104.0,6.0,472.0,miss bala,2019.0,2019-02-01,2018.0,2018-10-16,30793.0,13224938.0,108.0,2.0,21.0,35.0,63.0,0.0,0.0
501170.0,45000000.0,72381712.0,21.0,152.0,7.0,3801.0,doctor sleep,2019.0,2019-10-30,2019.0,2019-09-08,80561.0,13968593.0,52.0,3.0,78.0,81.0,89.0,0.0,0.0
501907.0,25000000.0,67925733.0,23.0,109.0,7.0,1387.0,a beautiful day in the neighborhood,2019.0,2019-09-07,2019.0,2019-07-22,188977.0,16008639.0,47.0,1.0,95.0,94.0,92.0,0.0,0.0
502416.0,5000000.0,51749995.0,18.0,99.0,5.0,1974.0,ma,2019.0,2019-05-29,2019.0,2019-05-06,1995321.0,87348168.0,23.0,3.0,55.0,58.0,64.0,0.0,0.0
504562.0,26000000.0,18377736.0,14.0,145.0,6.0,1277.0,motherless brooklyn,2019.0,2019-10-31,2019.0,2019-08-22,26456.0,9107747.0,70.0,3.0,64.0,69.0,80.0,0.0,0.0
504827.0,38000000.0,34148750.0,19.0,102.0,6.0,224.0,the bob's burgers movie,2022.0,2022-05-26,2022.0,2022-04-04,47354.0,5979142.0,52.0,2.0,88.0,88.0,89.0,0.0,0.0
508763.0,18000000.0,17643857.0,19.0,96.0,7.0,972.0,a dog's way home,2019.0,2019-01-10,2018.0,2018-10-13,92342.0,11748358.0,89.0,1.0,59.0,62.0,71.0,0.0,0.0
508791.0,9000000.0,6800000.0,12.0,100.0,6.0,549.0,the sun is also a star,2019.0,2019-05-16,2019.0,2019-02-06,121416.0,11003489.0,99.0,2.0,51.0,54.0,60.0,0.0,0.0
508943.0,200000000.0,49750471.0,82.0,95.0,7.0,7312.0,luca,2021.0,2021-06-17,2021.0,2021-04-28,241395.0,25533076.0,50.0,1.0,91.0,89.0,86.0,0.0,0.0
508947.0,190000000.0,18879922.0,136.0,100.0,7.0,4198.0,turning red,2022.0,2022-03-10,2021.0,2021-11-17,507842.0,50143437.0,113.0,1.0,95.0,86.0,69.0,0.0,0.0
511322.0,10000000.0,33856058.0,19.0,109.0,6.0,974.0,the good liar,2019.0,2019-11-08,2019.0,2019-06-26,13035.0,7439909.0,135.0,3.0,63.0,70.0,85.0,0.0,0.0
511809.0,100000000.0,74530532.0,21.0,157.0,7.0,1258.0,west side story,2021.0,2021-12-08,2021.0,2021-09-15,80049.0,9990091.0,84.0,2.0,91.0,91.0,93.0,1.0,7.0
511987.0,13500000.0,91542097.0,25.0,88.0,6.0,2749.0,crawl,2019.0,2019-07-11,2019.0,2019-05-02,326633.0,36796656.0,70.0,3.0,84.0,81.0,75.0,0.0,0.0
512195.0,160000000.0,178143.0,67.0,118.0,6.0,4882.0,red notice,2021.0,2021-11-04,2021.0,2021-10-21,102842.0,8068326.0,14.0,2.0,36.0,54.0,92.0,0.0,0.0
512196.0,9000000.0,25327500.0,16.0,100.0,6.0,3032.0,happy death day 2u,2019.0,2019-02-13,2018.0,2018-11-30,35663.0,7834088.0,75.0,2.0,71.0,67.0,60.0,0.0,0.0
513045.0,16000000.0,32400000.0,13.0,93.0,6.0,1146.0,stuber,2019.0,2019-07-11,2019.0,2019-04-07,91682.0,12428445.0,95.0,3.0,42.0,54.0,79.0,0.0,0.0
514277.0,5000000.0,470901.0,10.0,100.0,5.0,331.0,mara,2018.0,2018-08-22,2017.0,2017-04-28,423.0,92790.0,481.0,3.0,28.0,26.0,23.0,0.0,0.0
514439.0,14000000.0,49231674.0,21.0,116.0,7.0,961.0,breakthrough,2019.0,2019-04-10,2018.0,2018-12-05,21702.0,9749161.0,126.0,1.0,62.0,68.0,81.0,0.0,0.0
514619.0,19000000.0,29152618.0,11.0,110.0,6.0,265.0,nobody's fool,2018.0,2018-10-31,2018.0,2018-06-18,12257.0,3977300.0,135.0,3.0,25.0,28.0,36.0,0.0,0.0
515195.0,26000000.0,88092097.0,51.0,116.0,6.0,3543.0,yesterday,2019.0,2019-06-26,2019.0,2019-02-12,41003.0,32852574.0,134.0,2.0,63.0,71.0,89.0,0.0,0.0
516632.0,16000000.0,4796993.0,20.0,137.0,6.0,595.0,the empty man,2020.0,2020-10-22,2020.0,2020-10-16,22500.0,4861151.0,6.0,3.0,74.0,62.0,39.0,0.0,0.0
522016.0,75000000.0,55700000.0,30.0,122.0,6.0,818.0,the 355,2022.0,2022-01-05,2021.0,2021-10-07,32731.0,17183551.0,90.0,2.0,24.0,44.0,86.0,0.0,0.0
522212.0,25000000.0,50401502.0,18.0,137.0,7.0,1946.0,just mercy,2019.0,2019-12-25,2019.0,2019-09-04,55465.0,11566448.0,112.0,2.0,85.0,89.0,99.0,0.0,0.0
522518.0,16000000.0,78871079.0,28.0,109.0,8.0,1308.0,a dog's journey,2019.0,2019-05-03,2019.0,2019-01-29,113269.0,20478778.0,94.0,1.0,51.0,64.0,91.0,0.0,0.0
522924.0,18000000.0,33766787.0,22.0,109.0,8.0,1210.0,the art of racing in the rain,2019.0,2019-08-08,2019.0,2019-05-20,88331.0,10075211.0,80.0,1.0,45.0,62.0,96.0,0.0,0.0
522938.0,50000000.0,91490353.0,54.0,89.0,6.0,3412.0,rambo: last blood,2019.0,2019-09-19,2019.0,2019-05-30,178648.0,25968458.0,112.0,3.0,26.0,44.0,81.0,0.0,0.0
525661.0,32000000.0,61404394.0,19.0,109.0,6.0,2676.0,bombshell,2019.0,2019-12-13,2019.0,2019-10-15,20129.0,15964076.0,59.0,3.0,68.0,73.0,84.0,1.0,3.0
526019.0,29000000.0,26925979.0,15.0,83.0,6.0,582.0,like a boss,2020.0,2020-01-09,2019.0,2019-09-12,21367.0,9030609.0,119.0,3.0,22.0,36.0,65.0,0.0,0.0
529485.0,23000000.0,14590514.0,12.0,107.0,6.0,953.0,the way back,2020.0,2020-03-05,2020.0,2020-02-03,21012.0,11722029.0,31.0,3.0,84.0,84.0,84.0,0.0,0.0
531309.0,6000000.0,33224654.0,22.0,91.0,6.0,2754.0,brightburn,2019.0,2019-05-09,2019.0,2019-03-06,173951.0,21351896.0,64.0,3.0,57.0,60.0,67.0,0.0,0.0
532710.0,12000000.0,15039250.0,17.0,94.0,5.0,518.0,firestarter,2022.0,2022-05-12,2022.0,2022-02-09,62276.0,22104012.0,92.0,3.0,10.0,22.0,47.0,0.0,0.0
533642.0,10000000.0,44902237.0,16.0,90.0,6.0,1702.0,child's play,2019.0,2019-06-19,2018.0,2018-02-22,2292.0,512838.0,482.0,3.0,63.0,61.0,57.0,0.0,0.0
534259.0,15000000.0,18144644.0,13.0,114.0,7.0,513.0,blinded by the light,2019.0,2019-08-09,2019.0,2019-05-02,18438.0,6676812.0,99.0,2.0,89.0,89.0,91.0,0.0,0.0
539537.0,7000000.0,49447308.0,16.0,109.0,5.0,2162.0,fantasy island,2020.0,2020-02-12,2019.0,2019-11-11,110613.0,19743411.0,93.0,2.0,8.0,21.0,48.0,0.0,0.0
551804.0,5000000.0,15104310.0,17.0,102.0,6.0,1323.0,freaky,2020.0,2020-11-12,2020.0,2020-09-10,54990.0,38679164.0,63.0,3.0,83.0,82.0,80.0,0.0,0.0
551808.0,5000000.0,18529730.0,11.0,92.0,4.0,471.0,black christmas,2019.0,2019-12-11,2019.0,2019-09-06,2953.0,3301622.0,96.0,2.0,40.0,37.0,31.0,0.0,0.0
554241.0,29900000.0,69412425.0,15.0,96.0,6.0,595.0,playing with fire,2019.0,2019-11-08,2019.0,2019-07-17,40610.0,9603791.0,114.0,1.0,24.0,41.0,77.0,0.0,0.0
556694.0,60000000.0,19892510.0,34.0,108.0,6.0,793.0,three thousand years of longing,2022.0,2022-08-24,2022.0,2022-05-20,104709.0,12170572.0,96.0,3.0,71.0,71.0,73.0,0.0,0.0
556984.0,35000000.0,107423.0,13.0,130.0,7.0,2675.0,the trial of the chicago 7,2020.0,2020-09-25,2020.0,2020-09-23,31704.0,3007617.0,2.0,3.0,89.0,89.0,90.0,0.0,0.0
565028.0,25000000.0,77411570.0,23.0,91.0,6.0,1299.0,candyman,2021.0,2021-08-25,2021.0,2021-06-23,86402.0,30998526.0,63.0,3.0,84.0,80.0,72.0,0.0,0.0
567690.0,27500000.0,19200000.0,12.0,137.0,6.0,243.0,dear evan hansen,2021.0,2021-09-24,2021.0,2021-05-18,125993.0,23071914.0,129.0,2.0,29.0,48.0,88.0,0.0,0.0
574060.0,30000000.0,1015760.0,28.0,114.0,6.0,809.0,gunpowder milkshake,2021.0,2021-07-14,2021.0,2021-06-15,10437.0,806770.0,29.0,3.0,60.0,56.0,48.0,0.0,0.0
578189.0,12000000.0,22741061.0,17.0,109.0,6.0,731.0,black and blue,2019.0,2019-10-25,2019.0,2019-06-24,44408.0,14544402.0,123.0,3.0,51.0,65.0,93.0,0.0,0.0
578701.0,20000000.0,23384502.0,30.0,100.0,6.0,1342.0,those who wish me dead,2021.0,2021-05-05,2021.0,2021-04-07,53572.0,11583952.0,28.0,3.0,62.0,70.0,86.0,0.0,0.0
579047.0,68000000.0,18717947.0,19.0,116.0,6.0,1478.0,reminiscence,2021.0,2021-08-18,2021.0,2021-06-03,69256.0,9383636.0,76.0,2.0,36.0,36.0,37.0,0.0,0.0
581032.0,38000000.0,12668325.0,11.0,118.0,7.0,1533.0,news of the world,2020.0,2020-12-25,2020.0,2020-10-22,18423.0,12116937.0,64.0,2.0,88.0,88.0,89.0,0.0,0.0
583406.0,26000000.0,6416063.0,15.0,126.0,7.0,1271.0,judas and the black messiah,2021.0,2021-02-12,2021.0,2021-01-12,12805.0,9616152.0,31.0,3.0,97.0,96.0,95.0,0.0,0.0
585216.0,15000000.0,65774490.0,32.0,88.0,6.0,1559.0,escape room: tournament of champions,2021.0,2021-07-01,2021.0,2021-05-26,48720.0,13383723.0,36.0,2.0,51.0,59.0,75.0,0.0,0.0
585244.0,12000000.0,16069730.0,18.0,115.0,7.0,1065.0,i still believe,2020.0,2020-03-12,2019.0,2019-08-22,168228.0,16256795.0,203.0,3.0,99.0,98.0,96.0,0.0,0.0
589049.0,16000000.0,20690779.0,8.0,106.0,6.0,183.0,the photograph,2020.0,2020-02-14,2019.0,2019-11-01,13926.0,8631261.0,105.0,2.0,75.0,77.0,81.0,0.0,0.0
590223.0,30000000.0,1122066.0,25.0,109.0,7.0,3521.0,love and monsters,2020.0,2020-10-16,2020.0,2020-09-15,68832.0,5220638.0,31.0,2.0,94.0,92.0,89.0,0.0,0.0
590995.0,18000000.0,2300000.0,19.0,94.0,6.0,666.0,the craft: legacy,2020.0,2020-10-28,2020.0,2020-09-29,32534.0,7657116.0,29.0,2.0,48.0,40.0,25.0,0.0,0.0
597890.0,20000000.0,4298184.0,22.0,108.0,6.0,677.0,voyagers,2021.0,2021-04-08,2021.0,2021-03-02,4919.0,5361140.0,37.0,2.0,26.0,35.0,55.0,0.0,0.0
599975.0,6500000.0,48021766.0,32.0,90.0,6.0,1824.0,countdown,2019.0,2019-10-24,2019.0,2019-03-15,3552.0,263574.0,223.0,2.0,26.0,41.0,72.0,0.0,0.0
602223.0,18000000.0,76994245.0,53.0,103.0,7.0,2110.0,the forever purge,2021.0,2021-06-30,2021.0,2021-05-12,109743.0,9698331.0,49.0,3.0,49.0,58.0,78.0,0.0,0.0
602269.0,30000000.0,29942746.0,24.0,128.0,6.0,2036.0,the little things,2021.0,2021-01-28,2020.0,2020-12-22,53700.0,16875878.0,37.0,3.0,45.0,52.0,67.0,0.0,0.0
614560.0,25000000.0,122252.0,11.0,132.0,6.0,1395.0,mank,2020.0,2020-11-13,2020.0,2020-10-21,20427.0,2068450.0,23.0,3.0,83.0,76.0,63.0,0.0,0.0
614917.0,50000000.0,30000000.0,21.0,145.0,7.0,1964.0,king richard,2021.0,2021-11-18,2021.0,2021-07-28,60445.0,17808056.0,113.0,2.0,90.0,92.0,98.0,1.0,6.0
615457.0,17000000.0,61779301.0,57.0,92.0,8.0,5887.0,nobody,2021.0,2021-03-18,2020.0,2020-12-10,298928.0,19486086.0,98.0,3.0,84.0,87.0,94.0,0.0,0.0
615777.0,78000000.0,56351455.0,86.0,189.0,7.0,1783.0,babylon,2022.0,2022-12-22,2022.0,2022-11-28,52419.0,6601929.0,24.0,3.0,56.0,54.0,52.0,0.0,0.0
615904.0,23000000.0,44000000.0,28.0,112.0,6.0,772.0,marry me,2022.0,2022-02-09,2022.0,2022-01-10,1520.0,14670827.0,30.0,2.0,61.0,71.0,92.0,0.0,0.0
617653.0,100000000.0,30500000.0,37.0,153.0,7.0,2792.0,the last duel,2021.0,2021-10-13,2021.0,2021-07-20,62960.0,9683633.0,85.0,3.0,85.0,83.0,81.0,0.0,0.0
619730.0,35000000.0,86669039.0,42.0,123.0,6.0,1650.0,don't worry darling,2022.0,2022-09-21,2022.0,2022-05-02,116296.0,10095934.0,142.0,3.0,38.0,50.0,74.0,0.0,0.0
619778.0,40000000.0,34891791.0,33.0,111.0,6.0,1888.0,malignant,2021.0,2021-09-01,2021.0,2021-07-20,85838.0,15681032.0,43.0,3.0,76.0,68.0,52.0,0.0,0.0
620725.0,5000000.0,9341824.0,16.0,84.0,6.0,1050.0,jexi,2019.0,2019-10-10,2019.0,2019-09-13,196.0,20077380.0,27.0,3.0,21.0,37.0,71.0,0.0,0.0
627290.0,15000000.0,7060384.0,16.0,105.0,6.0,804.0,antebellum,2020.0,2020-09-02,2019.0,2019-11-21,12902.0,7718627.0,286.0,3.0,31.0,37.0,50.0,0.0,0.0
631842.0,20000000.0,54708659.0,196.0,100.0,6.0,1490.0,knock at the cabin,2023.0,2023-02-01,2022.0,2022-12-25,51617.0,36311692.0,38.0,3.0,67.0,65.0,63.0,0.0,0.0
632322.0,25000000.0,2000000.0,15.0,93.0,7.0,417.0,all my life,2020.0,2020-10-23,2020.0,2020-10-19,48660.0,3905954.0,4.0,2.0,57.0,58.0,61.0,0.0,0.0
632357.0,10000000.0,30833138.0,46.0,99.0,6.0,1876.0,the unholy,2021.0,2021-03-31,2021.0,2021-03-11,126248.0,15121377.0,20.0,2.0,28.0,37.0,56.0,0.0,0.0
635891.0,7000000.0,4717597.0,12.0,100.0,6.0,149.0,clerks iii,2022.0,2022-09-04,2022.0,2022-07-06,11015.0,823164.0,60.0,3.0,62.0,72.0,93.0,0.0,0.0
644083.0,2000000.0,510466.0,12.0,92.0,6.0,164.0,twist,2021.0,2021-01-22,2020.0,2020-09-23,156.0,482349.0,121.0,3.0,9.0,8.0,8.0,0.0,0.0
646380.0,75000000.0,791863.0,35.0,138.0,7.0,6924.0,don't look up,2021.0,2021-12-07,2021.0,2021-11-16,270962.0,16999443.0,21.0,3.0,56.0,63.0,78.0,0.0,0.0
648579.0,30000000.0,29116320.0,45.0,107.0,6.0,1282.0,the unbearable weight of massive talent,2022.0,2022-04-20,2022.0,2022-03-09,9972.0,12566667.0,42.0,3.0,87.0,87.0,87.0,0.0,0.0
649609.0,65000000.0,24187819.0,366.0,93.0,6.0,535.0,renfield,2023.0,2023-04-07,2023.0,2023-01-05,76207.0,47209768.0,92.0,3.0,57.0,64.0,79.0,0.0,0.0
653851.0,90000000.0,20000000.0,109.0,139.0,7.0,500.0,devotion,2022.0,2022-11-23,2022.0,2022-08-01,93483.0,11656364.0,114.0,2.0,81.0,84.0,92.0,0.0,0.0
656663.0,10000000.0,80340218.0,25.0,96.0,6.0,614.0,jackass forever,2022.0,2022-02-01,2022.0,2022-01-10,42301.0,9672528.0,22.0,3.0,85.0,87.0,91.0,0.0,0.0
661374.0,40000000.0,13280000.0,88.0,140.0,7.0,4131.0,glass onion: a knives out mystery,2022.0,2022-11-23,2022.0,2022-11-07,94738.0,14356697.0,16.0,2.0,92.0,92.0,92.0,0.0,0.0
688258.0,25000000.0,331091.0,13.0,128.0,6.0,126.0,occupation: rainfall,2021.0,2021-10-15,2021.0,2021-08-09,272.0,10540.0,67.0,3.0,60.0,63.0,70.0,0.0,0.0
693113.0,15000000.0,229811.0,19.0,99.0,6.0,338.0,midnight in the switchgrass,2021.0,2021-07-23,2021.0,2021-06-10,3352.0,828716.0,43.0,3.0,8.0,12.0,20.0,0.0,0.0
716612.0,18000000.0,14000000.0,15.0,117.0,6.0,1415.0,spencer,2021.0,2021-11-04,2021.0,2021-03-03,53469.0,4310473.0,246.0,3.0,83.0,72.0,52.0,0.0,0.0
718032.0,40000000.0,27423319.0,19.0,133.0,7.0,1793.0,licorice pizza,2021.0,2021-11-26,2021.0,2021-09-27,48600.0,9858528.0,60.0,3.0,91.0,82.0,66.0,0.0,0.0
719256.0,15000000.0,52300000.0,22.0,120.0,7.0,46.0,jesus revolution,2023.0,2023-02-23,2022.0,2022-10-21,40064.0,31668759.0,125.0,2.0,58.0,71.0,99.0,0.0,0.0
724495.0,50000000.0,91000000.0,141.0,135.0,7.0,1498.0,the woman king,2022.0,2022-09-16,2022.0,2022-07-06,85160.0,17286006.0,72.0,2.0,94.0,95.0,99.0,0.0,0.0
730047.0,20000000.0,3000000.0,12.0,124.0,6.0,228.0,cyrano,2021.0,2021-12-17,2021.0,2021-10-06,35023.0,6961630.0,72.0,2.0,85.0,85.0,86.0,0.0,0.0
744594.0,100000000.0,71476.0,14.0,136.0,5.0,472.0,white noise,2022.0,2022-11-25,2022.0,2022-11-22,20562.0,2776349.0,3.0,3.0,63.0,52.0,31.0,0.0,0.0
749274.0,33000000.0,16481544.0,16.0,104.0,6.0,838.0,cry macho,2021.0,2021-09-16,2021.0,2021-08-05,24039.0,8572972.0,42.0,2.0,58.0,60.0,64.0,0.0,0.0
758323.0,18000000.0,70204828.0,924.0,103.0,7.0,1254.0,the pope's exorcist,2023.0,2023-04-05,2023.0,2023-02-22,100794.0,20395577.0,42.0,3.0,49.0,59.0,81.0,0.0,0.0
758336.0,9000000.0,10000000.0,65.0,104.0,6.0,41.0,love again,2023.0,2023-05-04,2023.0,2023-02-14,54763.0,13277252.0,79.0,2.0,23.0,45.0,91.0,0.0,0.0
763285.0,40000000.0,51783040.0,47.0,136.0,6.0,1579.0,ambulance,2022.0,2022-03-16,2021.0,2021-10-21,57562.0,26052312.0,146.0,3.0,68.0,74.0,88.0,0.0,0.0
768362.0,7000000.0,45100756.0,41.0,111.0,7.0,423.0,missing,2023.0,2023-01-19,2022.0,2022-11-16,31808.0,16600088.0,64.0,2.0,87.0,88.0,90.0,0.0,0.0
776503.0,10000000.0,1600000.0,32.0,112.0,7.0,1828.0,coda,2021.0,2021-08-11,2020.0,2020-11-17,4110.0,242629.0,267.0,2.0,94.0,93.0,91.0,3.0,3.0
803114.0,8500000.0,130493.0,50.0,89.0,4.0,292.0,the requin,2022.0,2022-01-28,2022.0,2022-01-27,633.0,69800.0,1.0,3.0,19.0,14.0,6.0,0.0,0.0
804095.0,40000000.0,44937023.0,37.0,151.0,7.0,1439.0,the fabelmans,2022.0,2022-11-11,2022.0,2022-09-11,40952.0,5862960.0,61.0,2.0,92.0,89.0,83.0,0.0,0.0
804150.0,32500000.0,89020092.0,320.0,96.0,6.0,1116.0,cocaine bear,2023.0,2023-02-22,2022.0,2022-11-30,140438.0,23726737.0,84.0,3.0,67.0,68.0,71.0,0.0,0.0
809140.0,4000000.0,21591034.0,21.0,124.0,7.0,431.0,father stu,2022.0,2022-04-13,2022.0,2022-02-10,71011.0,10400155.0,62.0,3.0,41.0,59.0,95.0,0.0,0.0
818397.0,30000000.0,11300000.0,81.0,114.0,6.0,1216.0,memory,2022.0,2022-04-28,2021.0,2021-10-16,375.0,17721.0,194.0,3.0,29.0,46.0,81.0,0.0,0.0
824281.0,17000000.0,13071438.0,11.0,96.0,5.0,33.0,easter sunday,2022.0,2022-08-04,2022.0,2022-05-05,19631.0,16120713.0,91.0,2.0,43.0,52.0,70.0,0.0,0.0
830788.0,10000000.0,33628000.0,48.0,105.0,6.0,541.0,the invitation,2022.0,2022-08-24,2022.0,2022-06-27,32074.0,8961108.0,58.0,2.0,29.0,39.0,59.0,0.0,0.0
837881.0,32000000.0,10632378.0,18.0,129.0,7.0,306.0,she said,2022.0,2022-11-17,2022.0,2022-07-14,13933.0,12686090.0,126.0,3.0,88.0,89.0,91.0,0.0,0.0
878361.0,32000000.0,3800000.0,117.0,129.0,7.0,40.0,big george foreman,2023.0,2023-04-27,2023.0,2023-02-01,45141.0,14101217.0,85.0,2.0,43.0,60.0,96.0,0.0,0.0
899112.0,20000000.0,75734910.0,115.0,112.0,7.0,1436.0,violent night,2022.0,2022-11-30,2022.0,2022-10-05,143660.0,40099343.0,56.0,3.0,73.0,78.0,88.0,0.0,0.0
913290.0,4500000.0,45352337.0,37.0,103.0,6.0,1480.0,barbarian,2022.0,2022-09-08,2022.0,2022-06-23,100971.0,10964442.0,77.0,3.0,93.0,85.0,71.0,0.0,0.0
942922.0,28000000.0,29637811.0,142.0,98.0,6.0,71.0,80 for brady,2023.0,2023-02-03,2023.0,2023-01-20,13579.0,6020855.0,14.0,2.0,58.0,68.0,89.0,0.0,0.0
